Team,HS,AS,HST,AST,HC,AC,HO,AO,HY,AY,HR,AR,WinStreakHome,LossStreakHome,WinStreakAway,LossStreakAway,HomeTeamForm,AwayTeamForm
Wigan,12.2,12.2,3.8,6.8,5.4,4.2,0.0,0.0,2.0,1.4,0.0,0.2,1.0,1.2,0.8,3.2,3.4,2.4
Crystal Palace,8.8,10.2,3.4,4.4,5.0,5.6,0.0,0.0,3.0,2.6,0.0,0.0,0.8,1.2,1.2,0.6,5.8,5.4
Wycombe,9.0,7.0,3.6,1.6,7.8,3.2,0.0,0.0,1.8,2.0,0.0,0.0,0.4,0.6,1.6,1.2,4.0,5.0
York,10.8,7.6,5.2,4.0,4.2,3.8,0.0,0.0,1.6,2.4,0.0,0.0,3.4,0.6,0.2,1.4,2.6,2.8
Nott'm Forest,11.2,7.4,3.8,2.8,6.4,2.6,0.0,0.0,1.2,2.0,0.0,0.0,1.2,0.2,0.6,2.4,4.4,4.4
Rotherham,12.0,6.8,4.4,2.4,6.0,2.6,0.0,0.0,0.6,2.0,0.0,0.2,1.4,0.0,0.2,3.0,4.2,4.0
Wrexham,12.2,8.2,5.4,4.0,6.4,4.4,0.0,0.0,0.8,2.6,0.6,0.2,0.6,0.8,1.4,2.2,6.2,3.4
Stoke,12.4,8.2,4.8,3.0,7.2,4.4,0.0,0.0,2.0,2.2,0.0,0.2,2.0,0.0,0.0,4.0,4.2,2.6
Rushden & D,12.4,11.2,6.0,5.0,5.4,6.4,0.0,0.0,1.0,1.8,0.0,0.0,2.4,0.4,0.4,1.0,3.6,4.8
Lincoln,12.4,13.6,5.8,3.4,5.2,6.8,0.0,0.0,1.4,1.4,0.0,0.4,1.0,1.0,0.4,1.4,2.8,4.0
Blackpool,12.0,9.4,6.2,3.0,5.2,3.8,0.0,0.0,0.8,1.0,0.0,0.2,1.2,1.8,0.2,1.2,6.0,5.4
Chesterfield,8.6,8.8,4.8,5.0,4.8,3.6,0.0,0.0,0.8,1.0,0.2,0.0,0.8,0.4,1.4,1.2,5.0,5.4
Ipswich,9.6,11.2,4.6,4.0,4.2,5.0,0.0,0.0,1.6,2.0,0.0,0.0,3.6,0.0,0.2,1.8,2.8,3.8
Wolves,15.8,10.4,5.6,3.8,5.8,4.8,0.0,0.0,1.4,2.2,0.0,0.0,0.0,3.0,1.8,0.0,5.6,5.4
Bury,11.6,8.8,5.4,4.0,6.4,3.8,0.0,0.0,0.4,0.6,0.0,0.0,2.0,0.6,0.6,0.6,4.2,5.8
Stockport,11.2,6.6,4.2,3.0,7.6,4.0,0.0,0.0,1.0,2.2,0.0,0.0,0.8,0.6,0.6,0.4,4.0,4.4
Plymouth,15.2,8.0,5.2,3.0,7.0,3.2,0.0,0.0,2.0,2.4,0.0,0.0,2.6,0.6,0.4,1.2,3.8,4.2
Peterboro,18.0,10.2,7.0,4.4,7.2,3.6,0.0,0.0,1.6,2.4,0.0,0.2,1.0,0.2,0.4,2.4,5.4,2.6
Tranmere,11.2,14.0,3.2,5.8,6.6,5.2,0.0,0.0,1.2,2.0,0.0,0.0,0.2,1.4,1.2,0.0,3.8,4.2
Watford,12.0,8.4,5.6,3.0,4.8,3.6,0.0,0.0,1.4,1.8,0.0,0.4,1.4,0.2,0.2,3.6,6.0,3.4
Cardiff,11.6,8.6,5.2,3.0,7.4,4.6,0.0,0.0,2.2,2.6,0.0,0.0,1.8,0.2,0.4,1.8,5.2,3.4
Barnsley,12.0,12.0,5.6,4.0,5.4,5.6,0.0,0.0,1.0,1.6,0.2,0.0,2.0,0.2,0.4,1.2,3.8,4.2
Hartlepool,15.4,7.8,7.4,3.0,6.4,6.0,0.0,0.0,0.2,1.8,0.0,0.0,1.4,0.2,0.4,1.2,5.0,4.0
Crewe,11.4,13.8,6.0,7.4,3.6,6.0,0.0,0.0,1.8,1.4,0.0,0.0,1.4,1.0,1.2,0.4,3.6,4.8
Swansea,10.6,12.2,4.0,5.6,6.4,5.8,0.0,0.0,1.6,0.4,0.0,0.0,1.0,0.6,0.8,1.2,5.0,3.8
Leyton Orient,12.0,9.8,6.2,3.4,8.4,4.6,0.0,0.0,1.2,1.8,0.0,0.2,1.8,0.6,0.2,2.4,5.8,3.6
Scunthorpe,10.8,12.2,5.0,6.6,6.6,6.2,0.0,0.0,2.8,2.6,0.0,0.0,0.8,0.4,0.8,0.8,5.4,4.8
Shrewsbury,11.2,8.6,5.4,4.0,5.8,4.0,0.0,0.0,1.8,2.4,0.2,0.2,1.4,0.4,0.0,4.0,4.0,2.8
Southend,12.0,12.8,5.4,6.4,4.8,6.8,0.0,0.0,1.2,2.4,0.2,0.2,0.4,1.2,1.2,0.6,6.0,5.0
Torquay,9.8,9.8,4.4,4.2,5.6,5.6,0.0,0.0,1.8,1.2,0.0,0.2,2.8,0.2,0.2,2.0,3.4,4.0
Swindon,9.0,11.2,4.2,5.4,6.2,6.4,0.0,0.0,1.6,1.6,0.0,0.2,1.8,0.6,0.4,0.6,3.4,5.0
Cambridge,11.8,10.4,5.6,3.2,5.4,5.0,0.0,0.0,1.6,2.2,0.2,0.2,4.6,0.0,0.0,3.6,1.8,3.8
Cheltenham,10.6,11.8,5.0,6.2,6.2,5.2,0.0,0.0,2.2,1.4,0.0,0.0,2.0,0.2,0.2,3.4,4.0,2.6
Bournemouth,11.2,14.8,4.8,5.6,3.6,6.6,0.0,0.0,2.8,1.0,0.0,0.2,0.8,1.2,1.2,0.6,5.0,6.0
Bristol City,14.6,12.0,4.2,5.8,5.6,3.6,0.0,0.0,1.2,2.2,0.2,0.0,0.6,1.0,1.4,0.0,3.0,4.2
Hull,10.0,11.8,4.6,4.8,5.0,5.6,0.0,0.0,1.4,1.6,0.2,0.0,1.0,0.8,0.4,1.2,5.0,4.4
Milton Keynes Dons,11.0,9.0,4.8,4.8,5.8,5.2,0.0,0.0,2.2,2.4,0.0,0.0,0.4,0.6,0.4,1.6,3.8,4.4
Oldham,13.4,6.2,6.6,1.8,6.6,5.4,0.0,0.0,1.4,1.2,0.0,0.0,1.4,0.8,0.4,2.4,5.8,4.0
Port Vale,12.4,10.0,4.0,5.6,6.2,3.8,0.0,0.0,1.6,2.8,0.0,0.0,1.0,0.8,0.6,1.8,4.4,3.4
Luton,9.8,12.0,4.0,4.6,7.4,7.2,0.0,0.0,1.2,1.8,0.0,0.2,1.4,1.2,1.2,1.6,4.2,4.0
Walsall,13.2,8.0,5.8,3.2,5.0,3.8,0.0,0.0,1.8,1.6,0.0,0.0,1.0,0.4,0.4,0.8,6.6,4.6
Gillingham,16.4,12.2,6.4,3.4,5.6,5.4,0.0,0.0,1.6,2.0,0.2,0.0,2.2,0.2,0.2,1.4,2.8,5.0
Oxford,9.0,11.6,4.2,4.6,5.0,5.4,0.0,0.0,1.2,1.2,0.0,0.0,1.0,0.8,0.8,0.2,3.8,4.6
Northampton,12.0,7.8,4.2,4.2,5.2,4.4,0.0,0.0,2.2,1.6,0.0,0.2,1.0,0.8,0.6,0.6,3.8,3.0
Derby,12.6,9.2,4.6,4.2,5.8,3.6,0.0,0.0,1.2,1.6,0.2,0.0,2.0,0.4,1.2,2.2,3.2,4.4
Macclesfield,12.0,11.6,5.0,6.4,6.6,7.0,0.0,0.0,1.2,1.8,0.0,0.2,0.8,0.6,0.2,1.0,5.6,3.8
Liverpool,12.6,8.6,6.2,3.2,3.4,4.0,0.0,0.0,1.0,1.6,0.0,0.0,12.0,0.6,0.6,1.0,1.6,6.0
Fulham,15.8,11.4,4.8,4.2,4.6,4.6,0.0,0.0,1.0,1.2,0.2,0.0,0.8,0.6,0.4,1.8,3.6,3.6
Charlton,15.0,10.6,6.2,5.0,7.2,5.6,0.0,0.0,1.0,1.6,0.0,0.2,1.6,0.6,0.6,0.6,4.6,5.4
Preston,12.4,10.0,5.8,3.4,6.8,4.8,0.0,0.0,0.8,0.6,0.0,0.0,1.0,0.6,1.6,0.8,4.0,5.8
Leeds,14.6,11.2,6.0,4.8,7.0,5.2,0.0,0.0,1.4,2.8,0.0,0.0,1.6,0.6,0.4,0.8,4.8,4.8
QPR,14.4,9.8,6.0,4.8,5.8,4.4,0.0,0.0,2.0,2.0,0.0,0.0,1.2,1.0,0.8,0.8,5.4,5.8
Man City,9.6,10.0,2.0,3.6,4.8,5.4,0.0,0.0,2.0,2.0,0.0,0.0,6.2,0.4,1.8,0.4,2.4,7.4
Bolton,12.2,9.4,6.8,2.8,5.4,6.6,0.0,0.0,1.4,2.4,0.0,0.0,3.4,0.6,0.6,2.6,4.8,4.4
Portsmouth,15.0,9.8,7.0,4.4,7.2,5.4,0.0,0.0,0.6,2.2,0.0,0.0,0.6,0.4,0.2,2.2,5.6,4.0
Middlesbrough,16.6,8.0,6.0,3.4,7.4,4.2,0.0,0.0,1.0,1.6,0.2,0.0,1.4,0.6,1.2,1.2,3.6,4.8
Dundee United,8.4,10.0,3.6,3.6,6.0,5.6,0.0,0.0,1.4,1.6,0.2,0.0,1.6,1.0,0.8,1.6,4.8,4.4
Dunfermline,13.0,8.6,6.0,3.2,5.8,5.0,0.0,0.0,1.0,2.2,0.0,0.0,1.2,0.6,0.2,6.2,3.6,1.6
Sheffield United,12.0,10.0,4.0,3.8,4.0,5.6,0.0,0.0,1.2,1.0,0.0,0.0,1.4,0.4,0.8,2.0,5.2,4.4
Tottenham,14.2,13.0,6.6,4.8,5.6,5.4,0.0,0.0,1.4,2.4,0.0,0.0,1.8,0.0,0.0,2.0,4.0,4.0
Aston Villa,10.4,13.2,4.0,7.0,5.2,3.4,0.0,0.0,1.2,2.0,0.4,0.2,0.2,0.8,1.4,1.0,5.2,3.8
Newcastle,14.0,8.6,6.0,2.8,8.2,3.6,0.0,0.0,1.4,3.2,0.0,0.2,2.8,0.2,0.2,1.6,2.2,3.2
Hearts,9.6,11.8,2.6,5.0,7.4,5.4,0.0,0.0,2.2,1.8,0.2,0.4,1.0,0.8,0.6,1.0,3.8,3.6
Sheffield Weds,11.6,10.6,3.8,3.4,6.0,5.8,0.0,0.0,0.6,0.8,0.0,0.2,0.8,0.8,1.0,0.4,4.4,5.8
Leicester,13.8,14.8,7.2,5.0,5.0,5.4,0.0,0.0,2.4,2.4,0.0,0.0,0.8,0.6,0.6,1.2,3.2,3.0
Millwall,9.4,8.4,3.4,3.8,6.6,3.6,0.0,0.0,1.2,1.0,0.0,0.2,1.0,1.0,0.8,0.4,3.8,4.2
Inverness C,11.4,7.6,5.2,2.4,5.4,4.8,0.0,0.0,0.6,0.8,0.2,0.2,3.4,0.0,0.6,1.4,4.8,5.4
Halifax,7.8,7.6,3.8,2.8,4.2,6.8,0.0,0.0,1.4,1.2,0.0,0.4,3.0,0.0,0.0,3.0,3.8,2.0
Kidderminster,9.8,12.2,5.6,5.8,5.4,5.6,0.0,0.0,1.6,2.2,0.0,0.0,2.0,1.0,0.4,1.2,5.6,4.6
Morecambe,11.4,10.0,4.2,4.4,5.0,3.8,0.0,0.0,1.8,1.6,0.0,0.0,1.6,1.0,0.6,1.0,4.2,3.8
Northwich,12.6,7.2,5.0,3.6,6.2,2.4,0.0,0.0,1.6,1.4,0.0,0.0,0.8,2.4,0.6,1.2,6.8,3.8
Forest Green,11.0,11.8,4.8,5.4,5.4,4.2,0.0,0.0,2.2,2.0,0.2,0.0,0.8,0.4,0.2,1.4,2.6,4.0
Notts County,10.0,9.8,4.8,5.6,7.2,6.2,0.0,0.0,0.6,1.8,0.0,0.0,1.0,0.6,0.2,1.6,6.4,4.4
Reading,11.6,12.8,6.0,5.8,5.0,6.2,0.0,0.0,0.4,0.4,0.2,0.0,1.0,1.4,2.0,2.2,3.6,5.6
Exeter,11.4,10.6,4.8,3.8,5.2,7.8,0.0,0.0,1.0,1.0,0.0,0.4,3.2,0.2,0.2,1.4,2.8,6.0
Crawley Town,13.4,9.4,6.0,2.8,5.6,3.8,0.0,0.0,2.0,2.6,0.2,0.0,6.2,0.0,0.0,2.8,0.6,3.2
Burton,11.6,11.6,5.0,6.0,4.8,5.8,0.0,0.0,1.6,1.2,0.0,0.0,1.2,1.4,1.4,0.0,3.8,5.8
Doncaster,10.8,8.8,5.6,3.0,4.8,6.0,0.0,0.0,1.0,1.2,0.0,0.4,1.2,0.2,0.0,6.8,4.8,3.2
Bristol Rvs,12.0,7.6,4.6,4.2,6.4,5.0,0.0,0.0,2.2,1.2,0.0,0.0,0.4,0.8,0.8,1.8,4.4,4.4
Yeovil,13.4,8.4,5.0,2.8,4.8,3.4,0.0,0.0,2.0,1.2,0.0,0.0,0.6,0.8,1.4,1.4,4.2,5.6
Stevenage,10.8,14.0,5.2,7.0,7.6,5.4,0.0,0.0,1.6,2.4,0.4,0.0,0.0,1.8,2.0,0.0,5.6,4.6
Grimsby,12.8,9.0,5.0,3.4,7.8,4.0,0.0,0.0,0.6,1.8,0.2,0.2,0.0,4.2,1.0,0.4,8.2,2.2
Carlisle,12.4,12.4,4.6,4.6,4.2,5.6,0.0,0.0,1.0,1.2,0.0,0.2,2.6,0.2,0.2,1.4,3.0,5.8
Mansfield,10.0,8.2,5.8,3.8,6.2,3.6,0.0,0.0,1.6,1.6,0.0,0.0,0.2,0.8,0.8,2.6,5.0,3.0
Boston,9.4,6.4,4.8,3.6,6.2,5.0,0.0,0.0,1.4,1.6,0.0,0.0,1.4,1.6,0.8,3.0,4.4,3.0
Woking,10.6,10.4,6.0,4.4,7.0,7.2,0.0,0.0,1.2,1.6,0.0,0.0,0.8,0.2,0.2,2.0,4.0,4.8
Chester,9.8,10.4,3.6,5.6,8.4,4.6,0.0,0.0,1.8,2.8,0.2,0.4,0.4,1.2,0.6,1.0,4.6,4.0
Brighton,13.0,10.4,4.8,5.6,5.4,6.6,0.0,0.0,1.4,2.0,0.0,0.0,0.4,1.4,1.0,1.4,5.0,4.4
Dag and Red,11.2,9.2,3.6,3.4,5.4,5.6,0.0,0.0,2.0,1.2,0.0,0.0,0.6,1.0,1.8,1.4,3.8,5.8
Accrington,12.8,11.6,4.0,4.0,6.6,3.8,0.0,0.0,2.0,2.6,0.0,0.0,0.6,1.2,0.8,0.6,6.0,6.0
Aldershot,10.8,10.4,4.0,4.2,7.0,4.2,0.0,0.0,1.8,1.2,0.0,0.0,1.2,0.4,0.8,0.2,4.4,4.2
Histon,12.6,8.2,6.8,4.8,5.8,4.8,0.0,0.0,1.6,1.4,0.0,0.2,0.6,0.4,0.4,2.0,5.0,3.6
Droylsden,10.8,11.2,5.8,6.0,4.2,5.0,0.0,0.0,2.0,2.8,0.2,0.2,1.6,0.0,0.4,12.6,5.4,1.6
Ebbsfleet,9.2,7.6,5.2,3.6,4.2,5.0,0.0,0.0,0.4,1.8,0.6,0.2,0.4,1.0,0.6,0.4,6.2,3.6
Arsenal,13.0,11.4,4.8,4.0,7.8,3.8,0.0,0.0,2.6,2.0,0.0,0.0,1.0,1.0,1.4,0.4,4.8,6.8
Man United,19.2,8.8,8.4,3.2,10.0,2.8,0.0,0.0,1.8,2.8,0.0,0.0,3.6,1.2,0.6,1.6,3.4,3.6
Weymouth,11.4,11.4,5.2,6.4,5.8,7.0,0.0,0.0,1.6,1.8,0.2,0.0,0.6,0.6,0.2,2.2,4.8,3.8
Rochdale,13.2,11.2,4.8,4.2,4.8,6.2,0.0,0.0,2.0,1.2,0.0,0.2,1.0,1.0,1.6,1.2,4.4,6.2
Hereford,11.2,10.2,4.8,4.4,5.0,7.0,0.0,0.0,1.0,1.0,0.0,0.0,3.4,0.0,0.8,2.4,2.6,5.0
Southampton,9.0,11.6,2.8,5.2,6.0,5.8,0.0,0.0,0.6,2.0,0.4,0.0,1.0,0.6,0.2,3.4,4.2,2.0
Grays,9.8,12.4,4.8,7.0,6.0,5.4,0.0,0.0,2.0,2.0,0.4,0.0,0.4,0.6,0.8,1.4,6.4,3.2
Lewes,11.4,8.6,6.8,3.6,6.8,7.2,0.0,0.0,1.0,0.8,0.0,0.4,0.8,0.6,0.6,5.2,5.6,3.2
Hayes & Yeading,8.0,8.6,3.0,4.8,4.8,8.0,0.0,0.0,1.8,1.2,0.0,0.0,0.0,3.4,1.2,0.0,8.4,3.8
Eastbourne Borough,9.4,7.6,4.2,3.0,4.8,5.2,0.0,0.0,0.2,1.8,0.2,0.0,0.2,0.8,0.6,1.0,4.6,3.6
Kettering Town,9.2,7.2,4.0,4.2,4.6,4.0,0.0,0.0,1.8,2.2,0.0,0.4,0.4,0.8,1.2,0.0,4.6,5.0
Altrincham,9.6,9.0,4.2,3.6,4.6,4.4,0.0,0.0,0.6,2.8,0.0,0.2,0.8,0.4,0.0,2.4,7.0,2.8
Newport County,12.0,10.0,3.8,3.6,5.2,3.8,0.0,0.0,0.8,1.8,0.2,0.2,1.2,0.4,0.4,1.2,3.2,4.2
Hamilton,11.8,9.8,4.0,4.2,6.6,4.8,0.0,0.0,1.8,2.2,0.2,0.4,1.0,1.0,1.2,0.4,4.6,5.2
Aberdeen,17.2,7.2,6.6,2.4,8.0,2.2,0.0,0.0,0.8,1.8,0.0,0.6,2.4,0.0,0.2,1.6,3.6,5.4
Birmingham,13.6,11.6,6.0,3.8,6.4,4.6,0.0,0.0,1.0,0.2,0.2,0.2,1.0,0.4,1.2,0.8,3.6,6.6
Barnet,11.0,7.6,5.8,2.8,8.0,9.0,0.0,0.0,2.4,2.0,0.0,0.0,3.0,0.0,0.0,4.6,3.4,3.0
Gateshead,7.6,6.4,3.6,3.0,5.4,5.6,0.0,0.0,1.0,2.0,0.0,0.0,1.0,0.6,1.2,0.4,3.0,5.0
West Brom,15.4,10.0,6.0,3.2,6.8,3.6,0.0,0.0,1.0,1.8,0.2,0.0,4.6,0.6,0.8,1.0,3.0,3.8
Colchester,14.4,16.0,6.6,6.4,5.4,7.0,0.0,0.0,1.2,2.0,0.0,0.2,0.8,0.8,0.6,1.2,4.4,6.0
Coventry,16.8,12.2,8.0,7.0,8.8,4.4,0.0,0.0,1.4,1.6,0.0,0.0,1.0,1.2,1.0,2.6,6.8,4.6
Burnley,9.6,12.0,3.6,4.2,4.8,5.4,0.0,0.0,0.8,1.0,0.0,0.0,1.0,0.6,1.2,2.0,4.8,3.8
Barrow,12.0,7.6,5.2,2.4,3.6,3.8,0.0,0.0,1.8,1.6,0.2,0.2,1.6,0.2,0.0,3.8,5.2,2.6
Norwich,13.8,13.0,4.6,5.4,5.2,2.4,0.0,0.0,1.6,2.0,0.0,0.2,0.0,1.6,1.2,0.2,3.8,3.6
Fleetwood Town,11.0,10.0,4.4,3.6,4.4,4.4,0.0,0.0,1.0,1.0,0.0,0.0,3.0,0.2,0.4,1.8,3.6,5.2
West Ham,11.0,14.4,4.6,5.2,4.4,6.8,0.0,0.0,1.4,2.2,0.2,0.0,5.4,0.2,0.2,1.6,3.0,3.2
Brentford,9.2,12.8,3.2,6.6,6.4,5.4,0.0,0.0,1.4,2.2,0.2,0.2,1.2,1.2,0.8,0.6,3.8,4.8
Sunderland,12.2,12.2,6.0,4.0,8.2,5.2,0.0,0.0,1.4,1.8,0.2,0.2,1.2,0.8,0.4,1.6,3.8,2.4
AFC Wimbledon,11.8,9.4,4.6,4.2,4.6,5.4,0.0,0.0,1.8,2.4,0.2,0.0,0.8,0.4,0.6,0.4,4.8,4.4
Braintree Town,11.0,10.0,3.6,4.2,4.0,4.6,0.0,0.0,0.8,1.2,0.0,0.0,0.6,1.0,1.0,0.2,4.4,3.0
Tamworth,9.2,8.4,6.2,4.8,6.0,3.4,0.0,0.0,0.8,1.8,0.0,0.2,2.2,0.4,0.4,1.8,5.8,4.0
Southport,10.8,9.6,4.4,4.6,6.4,8.2,0.0,0.0,1.2,1.8,0.0,0.0,1.2,0.2,0.4,1.2,7.2,4.0
Darlington,12.2,10.6,7.8,4.2,6.2,6.0,0.0,0.0,1.6,1.8,0.0,0.4,1.6,1.4,0.2,1.2,4.2,5.0
Telford United,10.8,11.6,4.6,5.4,8.0,6.2,0.0,0.0,0.8,0.8,0.0,0.0,1.2,1.2,0.6,2.4,5.2,3.0
Hyde United,8.8,8.4,4.6,4.8,4.6,4.4,0.0,0.0,1.6,1.6,0.0,0.0,2.0,0.6,0.2,1.4,5.2,4.0
Alfreton Town,12.8,9.2,5.6,4.6,6.6,4.6,0.0,0.0,1.4,1.0,0.0,0.0,1.6,1.2,0.6,0.8,4.0,2.4
Blackburn,15.6,9.6,6.0,4.8,8.8,4.6,0.0,0.0,1.8,0.8,0.0,0.0,1.2,1.0,1.0,0.8,3.6,4.0
Celtic,14.2,14.0,7.0,5.2,6.2,5.4,0.0,0.0,1.8,2.0,0.0,0.0,0.6,1.2,1.2,0.8,3.8,5.4
Motherwell,8.6,15.2,3.2,7.2,4.2,9.2,0.0,0.0,1.6,1.4,0.4,0.2,0.0,2.2,3.2,0.0,5.8,7.0
Ross County,10.2,10.2,4.6,3.4,4.8,6.6,0.0,0.0,1.4,1.8,0.2,0.0,1.6,0.0,0.0,2.8,5.4,3.4
St Mirren,11.0,11.0,3.4,4.4,4.2,5.2,0.0,0.0,2.0,2.6,0.4,0.2,0.2,2.0,1.0,0.4,6.2,4.2
Welling United,9.2,10.4,4.4,4.6,5.6,5.0,0.0,0.0,2.0,1.6,0.2,0.0,1.6,1.0,0.2,3.8,4.0,2.6
Everton,9.8,10.2,4.0,5.0,5.8,4.2,0.0,0.0,1.4,1.8,0.4,0.2,1.6,1.0,0.6,1.2,3.8,3.8
Bradford,9.8,7.8,3.4,2.6,7.4,3.0,0.0,0.0,1.0,1.8,0.2,0.2,1.6,0.0,0.2,2.2,4.2,3.6
Huddersfield,13.0,11.4,6.0,4.0,5.6,6.4,0.0,0.0,1.2,1.0,0.0,0.0,1.4,0.4,0.8,2.2,4.4,2.0
Sutton,14.4,10.0,3.2,4.4,5.6,5.2,0.0,0.0,1.4,2.8,0.0,0.0,0.2,1.6,1.2,0.8,4.8,4.4
Angers,9.4,9.6,4.0,4.0,3.2,5.8,0.0,0.0,1.0,2.8,0.0,0.2,1.8,0.6,1.6,3.0,4.0,3.8
Nantes,10.2,10.8,4.4,2.2,4.0,3.4,0.0,0.0,1.6,2.2,0.0,0.0,1.6,0.2,1.2,0.4,6.0,5.2
Toulouse,15.8,10.2,5.6,4.2,5.0,5.2,0.0,0.0,2.0,2.0,0.2,0.2,1.0,0.4,0.6,1.2,3.8,5.6
Lyon,16.2,17.0,5.2,4.6,6.0,5.8,0.0,0.0,1.8,2.0,0.4,0.0,0.2,2.8,1.2,1.4,5.6,4.6
Monaco,14.4,9.8,5.6,3.8,7.4,4.8,0.0,0.0,1.4,2.6,0.2,0.0,0.4,1.6,1.0,0.6,4.2,6.0
Lens,15.4,9.6,5.6,2.6,4.8,4.8,0.0,0.0,1.4,2.2,0.0,0.0,3.4,0.6,0.0,2.8,4.0,3.4
Livingston,10.2,7.2,4.0,3.8,4.8,4.8,0.0,0.0,1.4,2.4,0.0,0.0,1.0,1.2,1.8,0.8,5.4,5.8
Rangers,10.6,15.6,5.2,7.0,7.4,7.8,0.0,0.0,2.6,3.4,0.4,0.2,1.8,0.6,1.8,0.2,1.6,6.2
Wimbledon,11.4,7.6,6.6,4.0,4.8,4.8,0.0,0.0,0.8,1.6,0.0,0.2,1.2,0.4,0.2,2.0,5.6,3.6
Hansa Rostock,14.6,15.2,5.6,5.4,5.6,5.0,0.0,0.0,2.0,1.4,0.0,0.0,1.6,0.8,0.4,2.4,3.0,3.4
Espanol,13.8,10.4,5.4,2.6,7.4,5.0,0.0,0.0,4.6,3.8,0.4,0.4,6.4,0.2,0.4,2.4,3.6,2.2
Sochaux,12.8,7.8,3.6,3.6,5.0,3.4,0.0,0.0,2.2,1.6,0.0,0.2,0.4,0.6,0.8,1.2,4.2,3.6
Valencia,12.8,10.8,4.6,3.6,5.0,4.8,0.0,0.0,2.4,3.4,0.2,0.0,1.2,0.4,0.4,1.0,4.8,3.6
Ath Madrid,16.2,10.4,6.0,4.4,7.6,3.0,0.0,0.0,1.4,1.6,0.0,0.2,1.6,0.8,1.2,0.8,3.6,7.2
Bordeaux,15.6,11.2,5.2,4.2,6.0,4.0,0.0,0.0,2.2,3.0,0.4,0.0,1.0,0.6,0.0,3.4,4.4,4.4
La Coruna,12.2,11.4,4.4,3.0,4.6,4.2,0.0,0.0,2.2,4.2,0.0,0.2,2.0,0.4,0.6,2.6,2.8,2.6
Osasuna,10.6,12.2,3.6,3.6,4.2,3.2,0.0,0.0,1.6,3.0,0.2,0.0,0.4,1.2,0.4,1.2,5.2,6.2
Siena,11.4,9.0,3.8,3.6,5.0,4.2,0.0,0.0,1.4,2.4,0.2,0.8,1.2,0.4,0.4,2.0,5.0,3.8
Sp Gijon,15.2,9.6,5.6,4.2,4.6,4.8,0.0,0.0,2.6,2.0,0.0,0.2,5.4,0.4,0.4,2.4,4.8,3.4
Bochum,17.2,10.4,6.4,3.4,8.8,3.6,0.0,0.0,2.8,2.0,0.0,0.0,2.2,1.4,0.6,2.0,4.0,3.4
Reggina,11.8,9.2,3.4,4.0,5.0,4.4,0.0,0.0,2.4,2.6,0.6,0.4,1.0,0.8,0.6,1.8,5.0,2.8
Lazio,15.8,13.8,5.6,4.6,4.8,6.0,0.0,0.0,2.2,2.0,0.0,0.2,1.4,0.2,0.2,1.8,3.6,4.6
Inter,15.8,10.4,6.6,5.0,7.4,4.2,0.0,0.0,1.4,1.4,0.0,0.6,4.6,0.0,0.0,2.4,1.6,3.8
Genoa,15.0,10.8,6.6,3.6,8.0,4.6,0.0,0.0,2.4,2.2,0.0,0.0,1.8,0.4,0.8,1.8,4.0,5.2
Chievo,15.4,9.0,4.8,3.6,5.6,4.8,0.0,0.0,1.6,2.8,0.2,0.4,1.0,0.4,0.4,2.6,2.8,3.8
Betis,14.4,14.0,4.6,4.4,7.0,3.2,0.0,0.0,2.2,2.0,0.4,0.0,1.0,1.0,0.8,1.4,5.8,3.4
Atalanta,9.8,12.6,2.8,4.8,3.4,4.8,0.0,0.0,1.6,2.4,0.2,0.2,1.8,0.4,0.2,1.4,3.8,4.8
Werder Bremen,14.0,12.0,5.6,4.8,3.0,5.4,0.0,0.0,3.0,1.6,0.0,0.0,1.8,1.6,1.0,0.6,4.6,6.2
Santander,11.8,10.2,4.4,3.4,5.2,4.8,0.0,0.0,4.0,2.6,0.2,0.0,0.2,1.4,0.2,1.2,6.4,4.8
Milan,15.8,9.8,5.6,3.8,5.6,2.8,0.0,0.0,2.8,3.4,0.0,0.2,3.0,0.4,1.0,1.6,2.0,4.6
St Johnstone,8.2,8.8,4.0,4.0,5.6,5.6,0.0,0.0,1.4,1.8,0.0,0.0,0.8,0.4,0.6,0.6,5.8,5.2
Udinese,16.0,11.8,5.0,4.6,5.8,2.6,0.0,0.0,1.4,2.2,0.2,0.2,4.8,0.2,0.2,2.6,1.0,3.4
Cagliari,14.8,9.8,7.2,3.8,5.0,4.0,0.0,0.0,2.4,2.8,0.2,0.2,2.4,0.0,0.0,1.4,4.2,5.8
Napoli,11.8,16.6,2.6,4.4,4.4,7.2,0.0,0.0,1.2,2.4,0.4,0.2,1.0,0.8,0.8,0.6,4.0,5.6
Valladolid,15.2,12.2,4.6,2.8,6.8,5.2,0.0,0.0,1.6,1.8,0.0,0.0,1.4,0.4,0.0,2.4,5.4,3.2
Roma,15.4,11.0,4.2,5.2,6.0,4.0,0.0,0.0,3.0,3.0,0.4,0.4,1.6,0.8,0.8,2.2,4.2,3.4
Salisbury,8.4,6.8,4.4,2.8,6.0,4.8,0.0,0.0,1.8,1.8,0.0,0.4,0.6,2.2,0.6,1.4,5.8,4.2
Partick,6.0,10.6,3.4,6.0,6.0,4.2,0.0,0.0,1.6,0.4,0.6,0.0,1.6,1.4,0.6,0.4,3.6,4.0
Bologna,17.6,9.0,8.0,3.0,6.0,3.8,0.0,0.0,1.8,3.0,0.0,0.0,1.2,0.4,0.4,1.0,2.6,4.2
Augsburg,15.8,14.8,7.4,5.0,5.6,4.8,0.0,0.0,3.4,2.4,0.2,0.0,3.2,0.6,0.2,1.4,4.4,4.0
Hannover,12.2,10.2,3.4,3.8,4.2,2.8,0.0,0.0,1.0,0.8,0.0,0.2,1.2,0.6,0.4,0.6,4.6,6.0
Barcelona,11.0,13.4,3.4,5.4,4.4,6.0,0.0,0.0,3.4,3.4,0.4,0.2,4.8,1.0,1.4,0.0,4.0,5.2
Schalke 04,13.0,12.0,4.0,3.0,4.0,4.0,0.0,0.0,1.4,2.0,0.0,0.0,6.2,0.0,0.2,3.6,2.2,4.6
Hoffenheim,14.8,10.6,5.4,3.2,6.4,4.6,0.0,0.0,1.6,1.0,0.2,0.2,1.4,0.8,0.6,0.8,4.4,4.2
Levante,14.8,13.0,5.0,3.6,5.6,4.8,0.0,0.0,1.2,3.2,0.2,0.0,1.0,0.2,0.0,2.2,6.2,3.4
Malaga,16.8,9.6,6.4,2.2,6.4,4.8,0.0,0.0,1.4,2.8,0.0,0.2,1.2,0.8,0.6,1.2,4.8,5.2
Leverkusen,15.2,10.6,4.2,2.6,8.2,4.2,0.0,0.0,1.0,2.0,0.0,0.0,3.6,0.2,0.2,1.0,3.6,6.0
Mainz,17.0,11.6,7.2,5.6,8.6,3.8,0.0,0.0,2.8,2.0,0.0,0.0,3.0,0.6,0.2,1.8,3.8,5.2
St Etienne,13.8,12.6,6.0,6.0,5.8,7.2,0.0,0.0,1.4,1.8,0.0,0.0,1.6,1.8,1.0,0.6,5.2,5.6
Kilmarnock,14.0,8.8,4.6,4.6,8.2,5.4,0.0,0.0,2.4,2.8,0.0,0.0,0.8,1.2,1.0,0.0,4.4,4.4
Getafe,9.4,11.6,3.4,3.6,4.2,5.4,0.0,0.0,3.4,2.6,0.0,0.2,0.6,1.0,1.4,1.4,4.6,3.8
Bastia,14.8,7.4,4.6,2.8,6.6,2.0,0.0,0.0,1.2,2.4,0.2,0.0,2.2,0.2,0.0,1.8,3.6,4.8
Reims,13.2,9.4,5.0,4.2,6.6,4.4,0.0,0.0,1.4,2.2,0.0,0.2,0.8,0.8,1.4,0.6,6.0,5.8
Evian Thonon Gaillard,11.8,6.8,3.2,2.6,3.4,5.2,0.0,0.0,1.0,1.6,0.0,0.2,3.2,0.2,0.2,1.0,3.6,5.4
Lorient,14.6,10.8,5.4,2.6,5.0,4.6,0.0,0.0,1.2,1.8,0.2,0.2,1.8,0.2,0.2,2.6,4.2,3.2
Cesena,14.4,11.8,5.6,2.6,7.2,5.0,0.0,0.0,1.8,2.0,0.0,0.0,1.8,0.8,0.4,4.6,5.2,2.0
Palermo,15.6,11.6,5.0,3.0,4.6,6.0,0.0,0.0,2.8,2.6,0.0,0.4,4.2,0.2,0.2,2.6,3.8,3.8
Sassuolo,13.0,11.6,5.6,5.0,5.2,5.2,0.0,0.0,3.4,2.6,0.0,0.2,0.8,0.8,0.2,1.4,6.0,4.0
Sevilla,15.0,11.0,6.6,4.0,4.4,6.0,0.0,0.0,3.6,3.0,0.0,0.0,1.4,0.6,0.6,0.8,4.6,5.0
Almeria,16.2,11.2,5.6,3.4,7.2,4.8,0.0,0.0,2.4,2.8,0.2,0.0,0.8,0.6,2.4,0.6,3.6,6.8
Torino,15.6,12.0,4.6,3.6,6.2,4.0,0.0,0.0,1.8,2.2,0.2,0.4,4.0,0.0,0.0,2.6,1.8,3.8
Caen,12.6,8.8,4.6,2.8,7.4,2.8,0.0,0.0,1.6,3.4,0.2,0.2,1.6,0.8,0.6,0.8,4.2,5.8
Pescara,16.4,6.6,5.2,2.2,4.0,3.0,0.0,0.0,1.2,2.6,0.0,0.6,1.4,0.0,0.0,2.2,5.4,4.8
Chelsea,11.8,11.2,4.4,6.0,5.2,4.0,0.0,0.0,1.4,1.4,0.0,0.0,0.4,0.6,1.6,1.0,5.0,5.6
Paris FC,13.2,10.0,6.4,3.8,5.4,4.8,0.0,0.0,1.4,2.8,0.0,0.4,1.4,0.2,0.4,1.4,4.6,5.2
Mouscron,9.6,11.4,4.6,5.2,5.0,4.4,0.0,0.0,1.8,1.8,0.2,0.0,3.4,2.0,0.4,1.6,6.4,4.0
Niort,12.2,13.2,4.8,4.8,4.0,5.6,0.0,0.0,1.8,1.6,0.4,0.0,0.6,0.6,1.0,1.4,6.4,4.2
Le Havre,12.0,12.0,3.8,3.6,5.8,6.2,0.0,0.0,2.6,2.2,0.0,0.2,0.6,1.2,0.8,1.0,4.8,4.4
Huesca,13.8,12.0,5.4,3.4,3.4,5.4,0.0,0.0,1.6,1.6,0.0,0.0,5.2,0.2,0.4,2.0,3.2,4.6
Metz,9.8,10.4,3.4,3.8,4.8,2.2,0.0,0.0,1.8,2.2,0.2,0.4,0.6,1.0,0.4,1.2,5.6,4.6
Rio Ave,11.0,11.8,4.2,4.2,4.8,4.6,0.0,0.0,2.4,3.2,0.2,0.0,1.4,0.4,0.6,3.0,2.6,1.8
Graafschap,16.4,11.8,6.2,4.0,6.4,4.6,0.0,0.0,1.2,2.8,0.0,0.6,0.6,0.6,0.2,1.8,5.2,3.2
Fenerbahce,10.4,12.4,4.0,4.6,4.4,4.8,0.0,0.0,1.4,2.6,0.0,0.2,1.2,0.8,0.4,0.8,4.8,4.8
Chateauroux,11.2,9.8,2.4,4.2,4.6,6.4,0.0,0.0,1.2,1.6,0.0,0.0,0.8,1.2,0.4,1.2,6.4,4.8
Duisburg,15.8,13.8,5.8,5.0,6.2,4.0,0.0,0.0,1.6,3.0,0.0,0.4,0.4,1.4,0.6,0.6,6.8,3.4
Auxerre,14.2,11.6,5.6,5.0,4.8,5.2,0.0,0.0,1.6,2.0,0.0,0.2,2.8,0.2,0.4,1.8,2.6,3.6
Lille,13.6,11.2,4.4,3.0,4.0,3.6,0.0,0.0,2.0,2.2,0.2,0.0,2.4,0.6,2.4,1.0,1.8,6.4
Ingolstadt,14.8,9.2,3.6,3.4,3.4,4.2,0.0,0.0,1.2,0.8,0.0,0.0,1.6,1.2,1.0,1.6,6.2,3.0
Frosinone,17.0,10.4,7.4,3.2,4.4,3.6,0.0,0.0,2.2,2.6,0.0,0.0,0.6,0.6,0.4,3.4,3.0,3.6
Portimonense,13.4,10.6,5.2,4.8,5.4,4.8,0.0,0.0,2.4,3.4,0.0,0.8,3.0,0.2,1.0,4.2,3.8,3.0
Mechelen,11.8,13.4,3.8,5.6,3.4,7.4,0.0,0.0,1.6,2.0,0.0,0.0,3.6,2.0,0.2,2.2,5.4,3.4
Dortmund,9.2,14.0,3.0,5.8,3.4,6.8,0.0,0.0,1.0,0.2,0.0,0.0,0.8,1.6,1.4,0.2,5.4,5.4
Fortuna Dusseldorf,14.6,10.6,6.2,4.8,4.4,3.2,0.0,0.0,2.6,2.8,0.0,0.6,0.6,0.8,1.0,2.4,3.4,4.8
Livorno,11.6,9.6,4.6,3.4,5.8,3.2,0.0,0.0,1.8,3.2,0.0,0.2,1.0,0.6,0.4,1.8,5.0,2.4
Spezia,14.4,8.8,6.2,2.6,5.4,3.0,0.0,0.0,2.8,2.8,0.4,0.2,1.6,1.8,1.2,0.6,5.0,5.4
Trapani,15.0,11.8,5.4,4.4,5.4,4.8,0.0,0.0,1.6,2.2,0.0,0.0,1.0,0.4,0.6,1.2,3.6,5.8
Empoli,14.6,11.6,5.2,3.4,4.2,7.4,0.0,0.0,1.4,2.6,0.0,0.0,2.4,0.6,0.2,8.0,4.0,1.6
Oostende,12.8,10.2,5.4,5.4,8.2,3.2,0.0,0.0,1.4,1.8,0.2,0.0,3.6,0.8,0.8,1.0,5.8,4.0
Setubal,13.8,10.2,5.4,3.8,5.0,5.0,0.0,0.0,2.4,3.8,0.0,0.4,1.2,0.6,0.0,2.8,4.4,3.4
Annan Athletic,9.8,9.0,4.0,4.4,5.8,4.6,0.0,0.0,2.0,2.2,0.0,0.2,2.2,0.4,1.4,1.0,4.2,5.6
Real Madrid,15.0,13.4,7.4,5.2,6.2,4.0,0.0,0.0,0.8,1.8,0.4,0.0,8.4,0.2,0.2,2.2,1.6,3.8
Albion Rvs,10.0,8.0,3.4,2.4,5.2,3.4,0.0,0.0,1.6,2.0,0.2,0.4,1.6,0.6,1.2,1.0,4.4,3.8
Karlsruhe,15.8,13.2,6.0,5.4,6.4,5.8,0.0,0.0,2.8,1.8,0.0,0.2,1.2,0.8,2.2,0.4,3.4,5.2
OFI Crete,9.4,6.2,4.8,3.0,3.4,4.0,0.0,0.0,2.6,3.4,0.2,0.0,1.0,1.0,0.6,0.4,4.8,5.0
Mallorca,12.2,10.2,3.8,3.0,4.6,3.2,0.0,0.0,3.2,4.6,0.2,0.6,0.8,1.0,0.2,4.4,4.2,2.6
Genk,13.2,13.8,5.4,5.8,6.0,3.8,0.0,0.0,2.2,3.2,0.0,0.0,0.4,1.0,1.0,0.8,5.2,6.4
RB Leipzig,9.0,14.8,3.2,5.2,4.8,3.8,0.0,0.0,2.2,3.4,0.0,0.0,2.6,1.0,2.4,1.0,3.0,6.6
Hibernian,13.0,7.4,4.6,3.6,6.6,4.2,0.0,0.0,1.8,2.6,0.0,0.6,1.2,0.6,0.4,1.4,4.4,4.2
Eupen,13.4,9.2,5.2,3.6,4.8,5.0,0.0,0.0,2.0,1.4,0.2,0.0,1.8,0.8,0.8,2.4,5.0,4.2
Volos NFC,14.6,8.4,7.8,3.8,3.6,4.6,0.0,0.0,2.4,2.6,0.4,0.0,7.2,0.4,0.0,1.8,3.0,3.0
Granada,16.2,8.0,4.8,3.4,5.0,4.8,0.0,0.0,2.6,2.8,0.0,0.2,0.6,1.2,1.0,0.2,4.8,5.4
Brechin,12.4,10.6,4.8,4.4,4.8,4.8,0.0,0.0,1.8,2.2,0.0,0.6,1.8,2.8,0.8,2.2,5.6,2.6
Olympiakos,8.2,12.2,5.2,6.4,4.8,5.6,0.0,0.0,2.0,2.6,0.0,0.0,2.0,0.6,1.6,4.4,3.8,6.2
Edinburgh City,12.4,7.8,5.6,3.6,6.6,2.4,0.0,0.0,1.6,2.6,0.0,0.0,1.2,0.2,0.2,1.8,4.6,2.6
Santa Clara,13.0,11.6,3.2,4.2,5.6,6.8,0.0,0.0,2.2,2.2,0.2,0.4,1.2,0.6,0.4,1.2,4.6,2.2
St Pauli,13.6,11.0,4.4,4.0,4.4,3.2,0.0,0.0,2.6,2.2,0.2,0.2,0.2,1.6,2.0,0.4,4.6,5.8
Morton,10.0,12.0,4.0,4.0,6.0,5.6,0.0,0.0,1.4,1.4,0.0,0.2,0.8,1.0,0.6,1.8,5.4,4.0
Airdrie Utd,9.0,9.2,3.6,4.4,5.6,3.4,0.0,0.0,1.0,1.0,0.0,0.2,0.0,1.6,2.4,0.0,3.6,5.4
Paris SG,15.0,12.6,5.6,4.6,4.8,5.0,0.0,0.0,1.2,1.2,0.0,0.0,3.4,0.4,2.0,0.8,2.4,5.4
Amiens,13.8,10.6,3.0,3.2,6.2,3.6,0.0,0.0,1.2,2.0,0.2,0.0,0.4,0.6,0.6,1.4,4.2,3.6
Dijon,13.6,10.0,3.8,3.4,7.6,4.0,0.0,0.0,1.6,2.0,0.4,0.2,0.8,1.6,0.8,3.0,5.2,3.0
Nimes,13.6,8.4,4.8,3.0,6.0,4.0,0.0,0.0,1.8,2.4,0.0,0.2,1.0,0.4,0.2,2.6,5.4,2.8
East Fife,10.6,8.2,5.8,2.8,4.8,4.6,0.0,0.0,1.2,2.4,0.2,0.0,2.8,0.4,0.4,1.8,3.6,3.6
Forfar,8.0,12.0,2.6,5.4,3.8,5.6,0.0,0.0,1.6,1.8,0.0,0.0,0.2,1.0,0.8,0.6,3.8,3.6
Queen of Sth,9.8,8.2,4.0,2.6,5.2,6.0,0.0,0.0,1.0,1.0,0.0,0.0,2.0,0.2,0.2,2.4,4.8,2.4
Antalyaspor,8.0,10.8,2.2,3.4,3.0,5.8,0.0,0.0,2.0,1.8,0.0,0.0,0.6,1.4,1.6,1.0,4.6,3.4
Montrose,8.4,9.6,4.0,4.0,5.8,4.6,0.0,0.0,1.2,2.2,0.0,0.0,0.2,1.2,1.2,0.4,4.8,4.0
Stranraer,8.6,10.6,3.0,4.4,6.2,5.0,0.0,0.0,1.2,1.8,0.0,0.2,0.6,0.8,0.6,1.4,4.4,3.0
Zwolle,15.0,9.6,6.0,4.0,4.2,3.0,0.0,0.0,2.0,1.8,0.0,0.0,3.2,0.2,0.4,2.8,2.8,3.6
Elche,13.4,7.4,4.2,4.0,4.8,3.6,0.0,0.0,2.8,3.4,0.0,0.2,0.6,1.4,1.0,0.4,5.2,4.4
Feyenoord,16.0,11.4,6.2,4.4,6.4,5.4,0.0,0.0,1.4,1.4,0.0,0.0,3.2,0.2,0.2,2.6,2.4,3.8
Strasbourg,11.0,9.4,3.8,2.4,4.0,3.6,0.0,0.0,1.2,1.6,0.0,0.0,0.8,1.0,0.8,1.0,5.6,3.8
Rizespor,14.8,10.4,4.6,2.8,6.6,3.0,0.0,0.0,2.2,1.8,0.0,0.2,1.2,0.0,0.0,7.2,5.6,2.4
Twente,13.6,7.4,4.8,1.8,5.8,4.0,0.0,0.0,1.0,1.4,0.0,0.0,5.2,0.0,0.0,3.4,1.6,3.0
Ponferradina,13.4,9.4,4.4,3.8,5.2,4.2,0.0,0.0,0.8,2.8,0.0,0.6,1.0,0.6,0.6,1.0,3.4,4.2
Queens Park,7.6,10.4,4.0,4.4,5.2,4.8,0.0,0.0,2.0,1.2,0.0,0.2,1.4,1.0,0.6,1.4,3.8,3.8
Trabzonspor,13.0,15.8,4.6,7.8,3.8,4.6,0.0,0.0,2.2,2.6,0.4,0.0,2.2,0.6,1.2,1.2,1.2,4.2
Extremadura UD,13.6,10.2,4.4,4.2,5.8,4.2,0.0,0.0,2.6,3.2,0.2,0.2,0.2,0.8,0.6,0.8,3.8,3.4
Den Haag,11.6,10.0,4.4,3.2,4.8,4.6,0.0,0.0,2.6,1.8,0.0,0.2,0.8,1.4,1.0,1.2,5.4,3.0
Sp Lisbon,10.6,9.0,4.8,3.8,4.8,5.0,0.0,0.0,2.8,3.4,0.2,0.2,3.4,0.8,1.4,1.2,1.8,6.0
Moreirense,12.6,9.8,5.6,4.6,6.8,4.0,0.0,0.0,1.6,2.6,0.0,0.8,2.4,0.0,0.0,4.2,4.0,2.2
Porto,14.2,10.8,6.6,3.2,5.2,6.2,0.0,0.0,2.8,3.8,0.0,0.4,10.4,0.2,0.0,1.2,1.2,6.6
Sabadell,8.8,14.6,3.2,5.4,3.2,5.4,0.0,0.0,2.6,3.2,0.0,0.2,0.4,1.0,1.0,3.2,3.2,3.0
Leganes,14.4,11.4,5.2,4.6,6.4,4.0,0.0,0.0,2.2,3.0,0.0,0.0,1.8,0.4,1.0,1.2,4.2,5.0
Valenciennes,12.0,13.0,3.8,4.8,5.8,4.4,0.0,0.0,2.2,0.8,0.0,0.2,0.4,0.8,1.0,1.8,5.4,3.0
Raith Rvs,10.4,8.8,5.8,3.0,3.0,5.2,0.0,0.0,1.8,2.2,0.0,0.0,1.4,0.8,0.2,1.0,4.8,4.4
Salford,11.4,12.6,3.8,3.4,3.4,4.0,0.0,0.0,1.8,1.2,0.0,0.0,1.4,0.2,0.6,1.6,3.8,4.0
Harrogate,16.8,8.8,3.8,3.6,6.2,3.4,0.0,0.0,2.2,2.0,0.0,0.2,1.6,0.4,1.6,0.6,3.4,5.4
Pau FC,12.0,10.0,4.6,2.0,5.2,5.0,0.0,0.0,1.6,2.6,0.2,0.4,2.0,0.2,0.2,1.4,4.2,4.4
Dundee,7.2,11.4,2.8,4.4,2.4,8.0,0.0,0.0,1.2,1.4,0.2,0.0,1.0,1.6,1.0,0.4,6.2,5.6
Kasimpasa,16.0,9.2,6.2,4.2,5.4,3.8,0.0,0.0,1.6,2.4,0.0,0.0,1.4,0.8,0.6,1.0,3.4,4.8
Galatasaray,15.6,10.0,6.4,4.2,6.2,3.0,0.0,0.0,2.8,3.6,0.6,0.2,19.6,0.2,0.4,4.8,0.8,3.4
Gaziantep,13.4,9.2,4.8,4.8,5.6,4.4,0.0,0.0,2.6,3.6,0.2,0.4,7.6,0.6,0.0,3.4,3.4,2.8
Maritimo,15.8,12.2,4.6,4.2,5.4,4.0,0.0,0.0,1.4,3.2,0.0,0.2,1.6,0.4,0.4,2.6,3.4,1.6
Montpellier,13.2,13.4,5.6,2.4,3.0,6.4,0.0,0.0,2.4,2.8,0.2,0.4,2.8,0.2,0.6,2.2,2.6,4.2
Waalwijk,15.8,11.0,5.0,3.6,6.4,3.8,0.0,0.0,0.8,1.4,0.0,0.0,2.2,0.6,0.8,2.0,3.6,4.6
Rennes,14.4,10.2,5.4,3.2,5.2,5.2,0.0,0.0,1.2,1.6,0.0,0.0,3.0,1.4,0.4,1.4,3.6,4.2
St Truiden,11.8,11.4,4.2,3.4,5.4,3.2,0.0,0.0,2.0,1.6,0.0,0.0,2.6,0.2,1.0,2.0,3.2,3.8
Le Mans,11.2,10.4,4.4,3.6,3.0,4.0,0.0,0.0,1.8,2.2,0.0,0.0,0.6,0.4,0.8,1.0,6.0,3.8
Marseille,20.6,6.8,5.6,2.6,5.6,2.6,0.0,0.0,1.6,3.0,0.0,0.4,2.0,0.6,0.6,1.0,3.4,4.4
Stafford Rangers,12.2,10.4,5.8,6.4,5.0,6.2,0.0,0.0,1.0,1.6,0.0,0.0,0.6,2.6,0.8,0.6,8.2,5.4
Falkirk,11.8,8.6,5.0,3.4,6.2,4.0,0.0,0.0,0.4,1.6,0.0,0.0,3.2,0.4,1.4,0.8,2.2,5.6
Recreativo,13.4,8.6,4.2,3.2,5.6,4.2,0.0,0.0,3.6,3.2,0.2,0.0,0.2,2.2,0.8,1.6,6.8,2.0
Numancia,10.8,15.6,3.2,4.2,4.2,4.2,0.0,0.0,1.6,1.6,0.0,0.2,0.8,0.4,2.0,1.6,3.2,4.8
Sampdoria,12.0,11.2,3.2,4.0,4.8,4.6,0.0,0.0,1.2,1.8,0.0,0.6,2.6,0.4,0.6,2.2,3.4,3.4
Hamburg,14.8,13.8,6.8,5.4,4.4,5.0,0.0,0.0,2.2,3.0,0.0,0.2,0.6,0.6,1.2,1.8,4.4,4.2
Ein Frankfurt,15.0,9.8,6.2,3.8,8.8,3.8,0.0,0.0,2.4,1.8,0.0,0.2,3.8,0.2,0.2,2.0,3.0,3.4
Bayern Munich,14.6,7.8,7.0,3.4,7.0,1.4,0.0,0.0,1.6,2.2,0.0,0.0,2.8,0.4,1.0,3.2,2.8,5.0
Braunschweig,17.2,15.0,6.6,5.8,5.2,4.8,0.0,0.0,1.0,2.0,0.0,0.2,1.6,0.6,0.2,5.0,4.2,2.6
Nice,15.2,10.0,4.2,3.6,7.2,4.8,0.0,0.0,1.4,2.8,0.2,0.0,0.0,2.4,3.0,0.0,3.6,5.4
Eibar,12.0,11.6,3.8,3.0,5.0,3.6,0.0,0.0,1.8,1.6,0.0,0.0,1.8,0.2,0.2,1.0,4.0,4.8
M'gladbach,12.8,11.8,5.4,4.6,4.4,3.8,0.0,0.0,1.6,2.0,0.0,0.0,2.4,0.8,1.2,1.0,3.4,4.2
Eastleigh,8.8,6.8,4.0,3.4,4.4,5.8,0.0,0.0,2.0,1.4,0.0,0.4,2.2,0.0,0.0,2.8,4.4,4.6
Bromley,11.0,9.2,6.6,3.6,8.6,4.2,0.0,0.0,1.6,1.4,0.0,0.0,1.4,0.4,0.4,1.0,3.6,3.8
Dover Athletic,9.8,10.4,3.4,2.6,5.4,5.8,0.0,0.0,0.8,1.0,0.0,0.0,1.8,0.4,0.2,0.8,4.6,4.8
Las Palmas,14.8,10.0,5.4,4.8,5.8,2.2,0.0,0.0,2.8,2.6,0.2,0.0,2.6,1.6,2.6,0.6,4.0,5.0
Celta,14.2,9.4,3.2,3.0,5.4,4.8,0.0,0.0,2.2,3.0,0.0,0.0,2.0,0.2,0.4,0.6,3.2,3.6
Alaves,7.0,12.4,1.6,3.0,3.8,6.0,0.0,0.0,3.0,2.6,0.4,0.0,0.4,1.2,0.6,1.2,5.6,4.4
Vallecano,11.6,10.2,3.2,2.6,4.4,3.6,0.0,0.0,3.2,3.8,0.2,0.0,1.2,0.8,0.2,0.8,4.0,2.6
Holstein Kiel,15.0,10.0,5.8,3.6,5.0,5.6,0.0,0.0,1.8,2.4,0.0,0.2,1.0,1.2,5.0,0.4,4.6,8.2
Ajaccio GFCO,7.6,6.8,3.8,1.6,3.8,3.2,0.0,0.0,2.6,3.2,0.6,0.2,1.6,0.6,0.8,4.8,6.0,3.4
Aves,15.6,12.8,4.2,4.0,8.2,5.4,0.0,0.0,2.6,2.6,0.2,0.4,0.8,1.2,1.0,0.6,6.0,3.6
Grenoble,11.4,11.4,3.4,4.0,4.6,3.6,0.0,0.0,2.0,1.4,0.2,0.0,1.2,1.4,1.0,0.4,4.0,4.2
Foggia,13.8,12.6,4.8,5.6,4.8,4.6,0.0,0.0,2.4,3.2,0.4,0.0,0.4,0.8,0.6,0.6,5.2,2.8
Standard,15.6,8.0,5.6,3.2,6.6,4.0,0.0,0.0,1.4,3.2,0.0,0.2,4.0,0.2,0.2,1.4,5.4,5.0
Cercle Brugge,14.2,9.8,6.0,2.8,5.4,3.2,0.0,0.0,2.8,2.4,0.0,0.0,2.4,0.2,0.6,3.8,4.0,2.6
Sparta Rotterdam,12.2,12.8,5.6,4.4,5.2,5.8,0.0,0.0,1.2,1.4,0.0,0.0,1.4,0.6,0.8,2.6,3.6,3.0
Ajax,14.8,12.4,5.6,5.8,3.4,3.6,0.0,0.0,2.2,1.2,0.2,0.0,3.8,0.4,0.6,1.8,1.6,5.8
Oviedo,14.8,9.8,5.2,3.8,7.4,4.0,0.0,0.0,1.0,2.6,0.0,0.8,2.0,0.6,0.2,1.6,4.6,3.6
PSV Eindhoven,19.2,11.0,9.8,3.6,5.6,5.6,0.0,0.0,1.2,2.6,0.2,0.0,8.0,0.0,0.0,3.6,0.2,4.6
Charleroi,11.6,7.4,3.8,2.8,6.4,4.4,0.0,0.0,1.4,1.4,0.0,0.0,5.6,0.2,1.2,3.0,1.8,4.0
Guimaraes,11.4,7.4,4.6,3.6,4.8,5.0,0.0,0.0,2.0,2.6,0.0,0.2,9.8,0.0,0.0,3.8,0.6,2.6
Denizlispor,14.0,6.6,4.6,3.0,4.4,3.2,0.0,0.0,1.6,1.6,0.0,0.4,1.0,1.2,0.0,1.8,5.8,3.8
Lecce,15.2,14.2,6.0,5.6,5.0,6.0,0.0,0.0,1.0,2.6,0.0,0.2,1.8,0.2,0.0,2.2,5.0,4.0
Mirandes,11.4,12.2,3.0,2.6,5.2,2.2,0.0,0.0,3.0,1.0,0.0,0.0,0.8,0.6,0.4,0.6,4.8,4.2
Aris,11.4,9.6,5.6,5.0,4.0,6.8,0.0,0.0,2.8,4.0,0.2,0.0,3.4,0.2,0.2,1.2,2.4,4.2
Ath Bilbao,13.0,10.4,4.0,3.8,4.8,3.8,0.0,0.0,3.8,3.8,0.0,0.2,1.4,0.4,0.4,2.0,3.4,4.2
Bielefeld,11.0,12.8,5.0,4.6,4.0,7.2,0.0,0.0,1.4,1.6,0.0,0.0,0.8,1.0,1.6,0.4,4.2,7.2
Xanthi,6.6,8.6,3.4,4.4,2.6,3.2,0.0,0.0,3.0,3.4,0.2,0.2,0.2,1.0,1.2,0.4,4.0,4.2
Ankaragucu,16.2,7.2,7.0,2.0,5.8,4.6,0.0,0.0,2.8,2.8,0.2,0.4,5.8,0.0,0.0,2.2,4.0,4.8
Larisa,10.6,6.0,6.4,2.4,4.6,3.6,0.0,0.0,3.4,3.2,0.4,0.0,8.2,0.0,0.0,2.8,2.2,3.0
Fuenlabrada,12.8,9.4,5.0,3.4,4.4,4.4,0.0,0.0,2.4,2.6,0.4,1.0,1.8,0.6,0.8,0.6,4.2,4.8
Panathinaikos,7.6,10.6,3.0,4.2,3.0,3.8,0.0,0.0,2.4,4.0,0.4,0.0,0.6,1.2,2.0,0.0,4.0,5.8
Panionios,9.6,9.2,4.6,4.2,4.0,6.2,0.0,0.0,2.4,4.2,0.0,0.0,0.8,1.0,0.8,0.8,5.8,3.6
Union Berlin,13.6,13.4,6.6,4.0,6.0,4.8,0.0,0.0,2.2,1.6,0.2,0.0,1.6,0.4,0.2,1.2,5.2,4.2
Oud-Heverlee Leuven,18.4,14.4,6.0,4.0,6.4,3.8,0.0,0.0,2.8,2.6,0.4,0.0,4.0,0.0,0.0,1.4,4.6,5.4
Venezia,15.8,10.6,4.4,4.2,6.6,4.6,0.0,0.0,1.4,2.6,0.0,0.2,0.6,0.6,0.4,4.2,5.0,5.2
Benfica,12.2,9.2,4.8,3.6,5.4,6.2,0.0,0.0,2.2,3.2,0.0,0.2,9.2,0.4,0.2,2.0,0.8,4.4
Brescia,12.8,11.8,4.0,4.8,5.4,3.8,0.0,0.0,2.4,2.6,0.2,0.0,1.0,1.2,1.4,0.8,4.2,4.8
Ternana,11.2,8.8,4.6,3.0,5.4,4.4,0.0,0.0,2.4,1.8,0.0,0.4,0.6,0.6,1.2,2.0,3.8,4.0
Alessandria,11.6,12.2,4.0,4.4,4.0,7.0,0.0,0.0,2.4,3.4,0.2,0.2,2.0,0.0,0.2,2.8,4.2,3.6
Arbroath,8.8,7.0,3.8,1.8,5.2,3.6,0.0,0.0,1.6,1.6,0.0,0.0,1.8,0.2,0.2,3.2,4.2,4.2
Benevento,18.8,9.2,7.4,4.6,7.4,2.2,0.0,0.0,1.2,2.0,0.0,0.2,1.8,0.2,0.2,1.2,4.2,5.0
Bari,10.8,9.8,2.6,3.8,4.8,4.0,0.0,0.0,1.8,3.4,0.2,0.4,3.2,0.2,0.8,0.8,3.4,5.2
Spal,13.4,7.8,5.2,4.0,6.0,4.2,0.0,0.0,3.6,2.8,0.0,0.2,1.2,1.4,0.4,0.8,3.8,3.4
Modena,13.0,10.4,3.8,4.8,5.4,4.0,0.0,0.0,3.2,2.4,0.2,0.0,0.6,0.6,1.4,1.6,2.2,6.0
Perugia,14.2,12.0,4.8,4.8,4.8,3.4,0.0,0.0,2.0,3.2,0.2,0.6,0.4,0.6,1.0,3.6,4.6,3.4
Cittadella,14.0,13.8,5.6,5.6,5.4,5.0,0.0,0.0,1.8,2.6,0.2,0.0,0.6,2.0,1.6,0.6,6.0,5.4
Hertha,13.8,9.2,4.8,3.6,5.4,3.0,0.0,0.0,1.0,2.0,0.0,0.2,3.0,1.0,1.0,8.4,3.8,2.4
Volendam,21.8,11.4,11.4,3.8,6.8,5.0,0.0,0.0,1.2,2.4,0.2,0.2,5.0,0.8,0.0,8.4,2.8,0.8
Westerlo,11.4,15.2,4.6,3.8,4.6,5.0,0.0,0.0,2.0,2.6,0.2,0.2,1.0,1.0,1.2,2.0,4.8,4.4
Freiburg,14.0,8.2,4.4,2.4,3.8,4.8,0.0,0.0,0.8,2.0,0.0,0.2,2.2,0.4,0.6,0.6,3.0,3.6
Chaves,15.2,9.6,4.4,3.8,7.2,4.2,0.0,0.0,1.8,3.4,0.0,0.2,1.8,1.4,1.0,3.2,3.4,2.6
Zaragoza,12.4,13.6,4.6,4.4,6.4,3.0,0.0,0.0,2.2,3.4,0.4,0.2,0.4,0.6,2.0,0.6,4.6,6.2
Sociedad,11.4,12.6,3.2,4.2,3.2,5.0,0.0,0.0,2.6,3.2,0.0,0.2,0.2,1.0,0.8,1.2,3.6,4.4
Canvey Island,10.8,11.4,6.0,6.4,7.2,7.0,0.0,0.0,1.6,3.2,0.0,0.2,1.2,1.2,2.0,0.2,3.2,6.2
Gravesend,7.4,7.2,2.4,5.2,5.0,6.0,0.0,0.0,1.2,2.0,0.0,0.2,0.2,1.2,2.2,0.2,5.0,6.2
Treviso,10.4,7.8,5.8,4.2,4.8,4.8,0.0,0.0,0.8,1.6,0.0,0.0,1.0,5.0,0.4,0.8,6.8,4.0
Gimnastic,11.8,9.0,3.4,4.2,4.8,2.4,0.0,0.0,2.6,3.4,0.0,0.4,0.8,0.6,0.4,1.6,6.8,3.2
Offenbach,10.4,10.6,6.2,7.4,4.0,2.6,0.0,0.0,1.2,2.8,0.0,0.0,0.8,0.4,0.6,1.4,5.2,3.0
Essen,15.8,10.8,7.6,6.8,7.8,2.6,0.0,0.0,2.8,1.6,0.0,0.0,0.6,0.8,0.4,1.6,5.6,4.0
FC Koln,13.2,10.4,3.2,4.0,6.2,4.8,0.0,0.0,0.8,1.8,0.0,0.0,0.4,1.0,1.2,0.6,3.4,4.4
Villarreal,14.2,8.6,5.4,3.0,6.4,4.8,0.0,0.0,1.6,3.2,0.2,0.0,1.6,0.2,0.2,1.0,5.6,4.8
Juventus,16.8,10.2,6.4,2.6,6.4,4.8,0.0,0.0,0.8,3.0,0.2,0.0,2.8,0.2,0.2,3.6,1.0,4.4
Fiorentina,15.8,10.6,4.6,2.4,4.6,5.0,0.0,0.0,1.8,2.6,0.2,0.0,2.4,0.0,0.6,1.2,3.8,6.2
Dartford,7.0,8.4,3.8,3.6,3.8,4.6,0.0,0.0,1.8,1.0,0.0,0.0,2.4,0.6,0.4,1.6,3.0,4.2
Nuneaton Town,9.4,11.4,3.4,6.0,5.4,6.0,0.0,0.0,1.8,0.8,0.2,0.0,1.2,1.6,0.6,1.2,6.0,5.0
Heracles,11.4,11.2,4.0,4.4,4.2,4.4,0.0,0.0,2.2,1.6,0.0,0.0,2.4,0.2,0.2,1.4,3.8,4.0
Lorca,15.6,9.6,6.8,3.2,5.2,5.4,0.0,0.0,1.6,2.4,0.0,0.4,3.0,0.0,0.0,2.2,4.8,3.6
VVV Venlo,10.2,11.2,4.6,2.8,3.2,5.0,0.0,0.0,2.4,2.2,0.2,0.2,0.6,0.6,0.4,1.4,6.6,2.4
Guingamp,14.2,9.0,3.4,2.8,6.0,3.8,0.0,0.0,2.0,1.4,0.2,0.4,1.8,0.2,0.4,1.8,3.8,2.4
Kerkyra,11.0,6.8,4.8,3.8,5.6,4.0,0.0,0.0,2.2,2.0,0.0,0.2,3.2,0.4,0.8,4.2,4.6,3.6
Greuther Furth,11.4,11.8,4.2,3.8,7.0,4.0,0.0,0.0,1.0,2.0,0.0,0.0,0.0,1.2,1.4,0.2,4.8,6.0
Groningen,13.8,10.6,5.0,2.0,5.0,5.4,0.0,0.0,1.0,1.0,0.0,0.0,1.0,0.6,0.2,6.4,5.0,1.6
Regensburg,15.8,10.8,5.2,5.8,6.8,4.8,0.0,0.0,1.6,2.0,0.0,0.2,0.4,0.8,0.6,0.4,5.4,4.2
Troyes,9.8,16.4,4.8,6.8,4.2,7.2,0.0,0.0,1.4,1.2,0.4,0.2,0.4,3.2,1.0,0.4,6.4,6.0
Sevilla B,11.4,12.2,4.8,5.2,3.2,5.4,0.0,0.0,2.8,3.0,0.0,0.2,1.2,1.2,0.4,4.4,6.4,2.6
Akhisar Belediyespor,8.4,7.2,3.2,1.8,3.4,4.2,0.0,0.0,2.4,3.0,0.2,0.4,2.2,0.0,0.0,6.2,4.0,2.6
AEK,7.6,7.8,3.8,4.4,2.2,5.4,0.0,0.0,2.0,3.2,0.2,0.2,2.6,0.2,0.2,1.4,3.6,6.0
Apollon,12.2,9.4,7.8,5.0,4.8,6.8,0.0,0.0,2.2,2.6,0.0,0.0,1.8,1.4,1.0,8.2,4.2,3.0
Osmanlispor,10.0,7.2,4.6,2.2,6.0,4.8,0.0,0.0,2.4,1.6,0.2,0.2,3.8,1.2,0.2,1.4,2.8,4.2
Goztep,12.6,7.6,4.6,2.4,4.6,3.4,0.0,0.0,1.8,4.2,0.0,0.4,1.0,0.4,0.4,0.8,4.4,3.4
Feirense,13.2,6.6,5.4,4.0,7.2,5.8,0.0,0.0,1.2,2.8,0.0,0.0,2.4,0.0,0.0,3.0,3.8,2.4
Erzgebirge Aue,14.0,10.2,5.8,2.4,3.6,3.8,0.0,0.0,2.2,2.4,0.0,0.4,0.6,0.4,0.6,4.4,5.2,3.4
Dumbarton,9.2,9.6,3.0,4.8,7.6,4.4,0.0,0.0,2.2,2.8,0.2,0.0,0.0,2.0,3.0,0.0,4.4,5.2
Girona,10.8,12.4,4.8,5.8,4.4,5.0,0.0,0.0,3.2,3.4,0.2,0.6,0.4,1.0,0.8,1.6,5.0,4.8
Sp Braga,14.8,10.4,4.6,3.0,5.4,3.8,0.0,0.0,2.2,3.0,0.0,0.4,1.6,0.8,1.4,1.6,3.6,6.4
Dresden,12.2,9.8,4.2,4.4,5.0,4.2,0.0,0.0,1.8,2.2,0.2,0.0,0.0,3.2,2.8,0.4,7.2,5.2
Ayr,10.0,11.4,5.4,4.2,6.2,4.8,0.0,0.0,1.2,1.0,0.4,0.2,0.6,0.8,0.6,0.6,4.8,5.6
Beerschot VA,16.4,13.8,5.6,5.2,7.0,5.0,0.0,0.0,2.8,1.6,0.0,0.0,0.8,0.6,0.6,0.8,5.6,3.8
Cadiz,11.2,10.8,4.4,5.2,4.6,3.4,0.0,0.0,2.2,3.0,0.0,0.4,0.4,1.0,2.2,1.4,4.2,5.0
Giannina,7.4,9.0,3.4,3.6,4.4,4.4,0.0,0.0,2.2,3.4,0.0,0.4,0.4,0.8,0.4,2.8,4.4,2.4
FC Edinburgh,12.0,10.2,5.8,4.4,5.2,4.2,0.0,0.0,1.2,2.6,0.2,0.2,1.2,0.4,1.0,0.8,3.2,4.2
Bonnyrigg Rose,9.0,7.2,4.0,2.2,4.4,3.6,0.0,0.0,2.4,2.2,0.0,0.2,2.4,0.0,0.0,2.2,4.2,3.8
Buyuksehyr,12.8,13.0,2.2,6.0,4.2,4.8,0.0,0.0,1.6,2.2,0.0,0.0,1.2,0.6,0.6,2.4,3.0,4.0
Ionikos,11.2,8.4,3.4,3.2,5.0,3.8,0.0,0.0,3.2,4.0,0.0,0.2,0.6,0.6,0.4,2.2,4.8,3.2
Seraing,14.8,10.2,4.2,3.0,6.6,5.8,0.0,0.0,1.8,3.0,0.2,0.2,0.4,0.8,1.6,0.8,5.6,4.4
Nijmegen,14.8,13.4,6.4,3.4,5.8,4.0,0.0,0.0,1.2,2.2,0.2,0.0,2.6,0.2,0.2,3.2,4.2,3.8
Vizela,13.0,10.2,5.0,4.4,5.6,2.4,0.0,0.0,2.4,3.4,0.0,0.4,1.0,0.2,0.4,4.8,4.2,2.2
Kaiserslautern,16.0,13.8,5.2,6.4,6.2,3.6,0.0,0.0,2.4,2.0,0.2,0.0,0.2,1.4,0.8,0.8,6.6,4.2
Cove Rangers,8.4,8.6,4.2,3.4,5.2,4.4,0.0,0.0,1.4,2.0,0.0,0.2,4.8,0.4,0.6,1.4,3.4,5.6
Elgin,12.8,9.8,6.0,3.8,4.8,4.6,0.0,0.0,2.8,2.4,0.0,0.0,1.6,0.0,0.0,3.0,5.4,3.4
Cremonese,14.8,13.8,6.2,4.4,6.6,6.8,0.0,0.0,2.4,2.0,0.4,0.0,1.2,1.2,1.2,0.8,4.8,5.2
Tenerife,14.2,9.4,4.6,3.0,7.4,3.4,0.0,0.0,2.0,2.6,0.2,0.0,0.6,1.0,0.6,0.6,6.8,4.4
Levadeiakos,10.8,11.6,4.2,4.8,5.2,5.8,0.0,0.0,2.0,3.0,0.0,0.2,1.0,1.0,1.6,2.0,5.0,4.8
Panetolikos,6.4,4.8,4.2,1.2,3.0,3.0,0.0,0.0,1.2,2.2,0.0,0.2,2.6,0.2,0.2,1.4,5.2,3.4
Rodez,13.0,8.2,4.2,3.2,5.8,4.8,0.0,0.0,2.0,1.8,0.2,0.4,2.0,0.4,0.0,1.6,4.8,4.4
Burgos,11.0,11.6,3.4,3.8,3.2,4.6,0.0,0.0,2.0,1.0,0.0,0.0,0.2,0.8,0.6,3.0,4.8,3.2
AZ Alkmaar,13.6,12.2,5.2,4.6,4.0,4.2,0.0,0.0,1.0,1.6,0.2,0.0,3.0,0.8,1.0,2.8,2.2,4.4
Ascoli,15.8,16.8,3.8,6.4,4.4,4.8,0.0,0.0,2.6,2.8,0.2,0.0,0.6,1.2,1.0,0.2,4.2,4.6
Cosenza,15.0,10.0,4.6,4.6,4.0,6.2,0.0,0.0,1.8,3.8,0.0,0.2,1.8,0.2,0.4,2.4,3.6,4.8
Clyde,6.8,8.8,2.2,3.0,5.4,5.4,0.0,0.0,2.0,2.2,0.0,0.0,0.6,2.0,0.8,1.4,6.4,3.8
Cambuur,16.4,13.6,4.6,4.0,7.6,4.4,0.0,0.0,1.2,2.2,0.2,0.2,1.0,1.0,2.4,0.4,4.6,5.4
Excelsior,11.2,14.4,4.4,4.0,3.6,5.2,0.0,0.0,1.0,2.0,0.0,0.2,2.2,0.4,0.8,4.8,5.0,1.6
Wolfsburg,16.0,10.8,5.4,4.0,7.4,3.8,0.0,0.0,0.6,2.2,0.0,0.0,4.4,0.0,0.0,4.2,3.0,4.2
Alloa,9.0,8.4,3.0,3.2,6.8,4.6,0.0,0.0,0.8,2.0,0.2,0.0,1.0,0.4,1.4,1.4,4.0,3.8
Parma,16.2,12.0,5.0,4.6,8.0,4.6,0.0,0.0,1.6,2.0,0.4,0.2,3.2,0.2,0.0,2.8,2.6,3.0
Como,10.2,14.4,4.4,4.6,4.4,4.8,0.0,0.0,2.6,1.8,0.2,0.2,0.4,0.6,1.2,0.4,4.8,6.4
Ajaccio,12.6,9.4,3.8,3.0,4.4,3.2,0.0,0.0,1.4,2.2,0.2,0.2,1.2,0.4,0.4,3.2,4.2,3.2
Lecco,16.6,13.2,6.0,6.2,4.4,4.6,0.0,0.0,2.2,1.4,0.0,0.0,1.2,0.4,0.8,1.6,5.6,4.2
Pisa,16.2,13.2,5.2,5.0,4.6,2.6,0.0,0.0,3.0,3.8,0.4,0.4,0.0,1.2,1.0,1.0,4.4,4.6
Stuttgart,14.6,10.4,6.6,4.2,5.4,4.4,0.0,0.0,2.0,1.8,0.0,0.2,1.8,0.8,0.6,1.4,4.0,4.0
Xerez,11.2,12.2,4.0,4.8,5.4,5.2,0.0,0.0,2.2,2.6,0.0,0.8,3.0,0.2,0.2,4.6,4.0,2.4
Catania,12.4,12.4,5.2,3.8,3.4,3.6,0.0,0.0,2.2,2.4,0.0,0.0,2.6,0.0,0.0,4.8,4.6,2.4
Avellino,9.6,9.4,5.2,4.0,3.4,5.6,0.0,0.0,2.0,2.4,0.0,0.4,2.4,0.2,0.6,2.2,3.2,4.2
Carpi,10.8,9.8,3.8,3.6,4.4,4.4,0.0,0.0,1.8,3.0,0.2,0.2,0.2,2.0,1.4,0.0,5.8,4.0
Pro Vercelli,10.8,10.6,5.2,4.2,6.0,3.4,0.0,0.0,1.8,2.4,0.2,0.2,0.8,0.6,0.8,5.2,5.0,2.4
Virtus Entella,14.0,11.2,4.4,4.2,5.2,3.6,0.0,0.0,2.6,3.6,0.2,0.0,0.0,2.2,3.4,0.0,5.4,6.4
Padova,13.2,11.0,4.4,4.6,6.2,4.4,0.0,0.0,2.4,3.4,0.0,0.2,0.8,0.8,0.4,4.0,4.8,2.8
Crotone,11.0,11.4,4.8,4.4,4.2,5.0,0.0,0.0,1.8,2.8,0.0,0.2,1.4,1.0,0.4,1.2,5.0,3.8
Verona,14.4,9.2,3.6,3.0,4.8,4.8,0.0,0.0,1.6,2.4,0.2,0.2,3.2,1.0,0.2,3.0,4.2,2.2
Peterhead,10.8,9.0,4.4,3.4,6.8,4.2,0.0,0.0,2.2,2.4,0.0,0.2,1.2,1.2,0.6,1.6,5.8,4.2
Utrecht,15.4,13.6,6.2,4.6,4.4,4.2,0.0,0.0,1.2,2.6,0.2,0.2,2.6,0.2,0.6,2.8,4.0,4.2
Vitesse,13.4,16.0,4.6,5.8,6.4,5.6,0.0,0.0,0.6,1.2,0.4,0.4,1.2,0.6,1.0,1.0,4.0,2.8
For Sittard,21.4,11.0,7.6,4.0,7.0,2.8,0.0,0.0,0.8,0.6,0.0,0.0,3.6,0.2,0.0,5.8,3.2,1.4
Salernitana,11.0,12.2,3.8,3.4,5.0,3.8,0.0,0.0,2.2,2.6,0.4,0.2,0.2,1.6,1.4,0.2,6.6,4.8
Besiktas,14.2,10.4,4.4,3.4,7.4,4.0,0.0,0.0,3.0,2.4,0.4,0.2,3.2,0.2,0.6,3.0,1.4,3.8
Nancy,9.4,11.2,3.0,6.0,4.8,4.6,0.0,0.0,1.4,1.4,0.0,0.2,0.6,1.0,1.0,0.6,5.6,5.2
Dunkerque,10.8,9.0,4.6,2.2,6.2,4.2,0.0,0.0,1.4,2.2,0.2,0.2,1.0,1.2,0.4,1.6,6.2,3.8
Gil Vicente,14.6,10.8,4.4,3.4,6.2,6.2,0.0,0.0,2.2,3.0,0.0,0.0,3.2,0.2,0.2,3.2,3.6,1.8
Stirling,11.0,8.6,5.4,3.0,7.6,3.4,0.0,0.0,1.4,2.4,0.2,0.6,4.0,0.2,0.2,1.4,3.8,4.4
Reggiana,13.6,14.4,4.4,4.8,4.8,2.8,0.0,0.0,3.8,2.0,0.4,0.2,1.6,0.8,0.8,2.0,4.6,6.0
Go Ahead Eagles,19.4,9.2,5.8,3.0,6.4,3.2,0.0,0.0,1.0,1.6,0.0,0.0,2.6,0.8,0.0,4.8,4.6,1.8
Alanyaspor,12.4,9.2,5.6,3.8,5.0,4.8,0.0,0.0,2.6,2.6,0.0,0.0,0.8,0.4,0.2,1.4,2.4,4.4
Heerenveen,14.4,10.6,4.4,4.0,7.2,4.8,0.0,0.0,1.4,1.2,0.2,0.0,1.4,0.6,0.2,1.8,4.6,4.2
Lugo,13.8,12.4,3.2,4.2,8.0,4.6,0.0,0.0,1.8,2.6,0.0,0.0,0.0,2.4,0.8,0.2,6.4,3.8
Alcorcon,12.0,8.2,3.6,3.0,4.4,4.8,0.0,0.0,2.6,3.0,0.0,0.2,0.2,1.0,0.8,3.6,4.4,2.4
Amorebieta,11.2,8.4,3.2,3.0,4.2,4.4,0.0,0.0,1.8,1.4,0.2,0.4,1.6,0.4,0.0,9.0,3.8,2.2
PAOK,11.0,8.4,4.8,4.2,4.2,3.8,0.0,0.0,2.4,3.6,0.2,0.0,1.8,0.8,1.2,0.8,2.6,5.4
Kayserispor,13.4,9.6,5.4,4.2,6.4,5.0,0.0,0.0,2.2,1.8,0.2,0.2,1.4,0.0,0.4,1.0,3.4,4.6
Brest,16.4,7.6,6.6,3.6,5.6,3.2,0.0,0.0,1.8,3.0,0.0,0.0,2.8,0.2,0.4,1.6,3.0,5.2
Sudtirol,11.0,12.0,4.2,2.8,4.6,5.2,0.0,0.0,2.8,2.8,0.2,0.4,1.6,0.0,0.2,2.4,5.2,3.4
Istanbulspor,9.0,16.4,3.8,6.2,5.4,5.8,0.0,0.0,1.4,1.4,0.0,0.0,0.0,2.2,0.8,2.4,5.8,3.0
FeralpiSalo,14.4,9.0,3.0,5.0,5.2,3.4,0.0,0.0,1.6,2.4,0.0,0.0,1.4,1.4,2.0,0.2,6.0,5.8
Catanzaro,12.2,14.6,4.8,4.0,4.2,4.2,0.0,0.0,1.8,2.2,0.2,0.0,3.0,0.0,0.4,1.4,3.0,4.4
Belenenses,11.4,10.6,4.2,4.0,7.4,7.0,0.0,0.0,2.0,1.0,0.2,0.2,3.2,1.0,0.2,1.8,5.0,2.2
St. Gilloise,9.8,9.8,4.0,2.8,5.0,4.0,0.0,0.0,2.4,1.8,0.0,0.4,6.0,0.4,1.4,1.6,2.2,5.8
Waregem,13.8,16.2,4.4,7.8,4.4,6.0,0.0,0.0,2.8,1.8,0.0,0.2,3.2,1.2,1.0,0.6,5.2,6.0
Gent,10.6,12.0,5.2,5.0,4.0,6.0,0.0,0.0,1.8,2.6,0.0,0.0,1.2,1.2,0.2,4.0,5.4,3.6
Antwerp,11.6,12.0,5.6,5.4,4.8,4.6,0.0,0.0,3.0,2.4,0.0,0.6,5.8,0.6,1.2,0.4,2.6,6.6
Farsley,13.6,8.0,7.6,3.4,6.2,5.6,0.0,0.0,1.6,2.2,0.0,0.0,1.2,0.2,0.8,3.8,5.2,3.2
Cottbus,15.6,12.2,7.2,6.8,4.8,2.6,0.0,0.0,2.6,1.8,0.0,0.0,0.6,0.6,0.6,0.8,3.6,5.2
Nurnberg,10.8,15.2,3.0,4.6,4.2,5.6,0.0,0.0,2.6,3.0,0.2,0.0,0.2,2.2,0.6,1.2,7.2,4.6
Lokeren,9.2,11.6,3.2,5.2,3.6,6.8,0.0,0.0,1.0,1.6,0.2,0.2,0.2,2.6,2.2,1.2,6.0,5.2
Asteras Tripolis,11.0,8.0,5.2,1.4,6.0,3.6,0.0,0.0,1.8,4.2,0.0,0.2,2.2,0.2,0.0,5.6,3.6,1.0
Atromitos,7.2,9.8,2.6,5.4,5.2,3.0,0.0,0.0,1.6,2.6,0.0,0.0,0.4,1.0,0.6,0.4,3.4,4.8
Stenhousemuir,7.8,9.6,3.4,3.2,6.2,5.6,0.0,0.0,1.8,2.2,0.0,0.2,1.6,1.0,1.4,0.2,4.6,6.0
Osnabruck,19.4,10.0,6.2,4.4,6.0,6.2,0.0,0.0,2.0,2.6,0.2,0.2,0.6,2.0,0.4,2.2,6.4,3.0
Yeni Malatyaspor,11.2,6.6,5.2,4.8,5.2,4.0,0.0,0.0,2.2,2.2,0.2,0.2,1.2,0.6,0.2,3.4,5.0,2.0
Tondela,9.2,9.8,4.2,4.0,4.8,6.6,0.0,0.0,2.2,2.0,0.0,0.2,3.4,0.6,0.6,0.6,4.0,3.6
Sivasspor,9.2,10.0,4.0,3.6,3.8,4.0,0.0,0.0,1.6,2.2,0.0,0.0,1.4,0.8,1.0,0.4,1.8,4.0
Genclerbirligi,10.4,11.6,5.2,4.6,5.0,5.6,0.0,0.0,1.8,1.6,0.0,0.0,1.6,0.8,0.4,6.0,5.0,1.2
Willem II,12.6,14.6,6.0,3.2,3.8,4.6,0.0,0.0,1.0,2.2,0.2,0.0,2.2,0.2,0.4,3.0,3.6,3.2
Club Brugge,14.4,12.4,5.8,6.2,5.2,4.0,0.0,0.0,2.2,1.8,0.2,0.0,10.2,0.4,0.2,1.4,3.8,5.8
Juve Stabia,12.4,14.4,4.6,5.8,5.0,6.0,0.0,0.0,3.0,4.2,0.4,0.2,2.0,0.6,0.2,4.4,5.4,3.2
Anderlecht,13.8,12.0,6.0,4.6,6.4,3.8,0.0,0.0,1.0,1.4,0.4,0.0,2.4,0.6,0.2,3.0,4.0,3.6
Lamia,10.6,8.4,4.8,2.8,6.8,6.0,0.0,0.0,1.4,3.0,0.0,0.0,1.4,0.4,0.2,1.0,3.6,4.6
Kifisia,17.0,9.2,7.2,4.8,6.6,5.6,0.0,0.0,3.2,4.0,0.4,0.4,4.0,0.8,0.0,3.2,4.6,2.6
Albacete,13.6,10.4,5.2,3.6,4.4,4.8,0.0,0.0,1.6,2.4,0.0,0.0,0.6,0.4,0.2,1.4,5.2,3.6
Messina,11.8,11.4,6.0,4.4,6.2,5.0,0.0,0.0,3.2,2.8,0.2,0.2,1.0,1.0,0.6,6.4,6.0,2.8
Munich 1860,11.6,12.2,8.0,7.4,4.6,4.8,0.0,0.0,2.0,2.0,0.0,0.0,1.0,0.8,0.2,1.6,6.4,3.4
AFC Telford United,13.8,9.2,7.2,3.6,5.6,3.4,0.0,0.0,1.0,2.0,0.0,0.0,1.6,0.2,0.0,1.6,5.6,4.2
Darmstadt,16.2,12.2,5.2,3.0,6.8,3.6,0.0,0.0,1.2,3.4,0.0,0.2,1.2,1.0,1.0,0.6,4.4,4.8
Heidenheim,17.0,11.8,4.8,4.6,4.8,3.4,0.0,0.0,1.6,1.6,0.0,0.2,0.4,1.2,1.0,2.4,4.0,3.0
Sandhausen,17.6,10.2,7.0,3.6,6.0,5.4,0.0,0.0,1.6,1.8,0.0,0.2,0.8,0.6,0.4,2.2,5.0,4.0
Famalicao,11.0,10.8,4.2,4.6,3.6,5.2,0.0,0.0,3.2,3.0,0.2,0.2,2.6,0.4,0.8,1.6,3.4,3.6
Karagumruk,16.2,10.4,5.8,3.6,6.0,5.2,0.0,0.0,1.6,1.6,0.2,0.4,2.2,0.0,0.2,1.0,4.0,4.6
Ad. Demirspor,15.2,14.8,5.4,4.4,7.8,4.4,0.0,0.0,2.0,1.4,0.0,0.0,2.6,0.4,0.4,2.6,3.8,4.2
Kelty Hearts,8.4,7.8,4.0,3.6,5.4,5.6,0.0,0.0,1.4,2.0,0.0,0.0,1.0,0.2,0.6,2.4,2.4,3.6
Villarreal B,13.4,10.0,5.0,3.6,5.6,4.2,0.0,0.0,1.6,2.4,0.0,0.2,1.6,0.0,0.0,3.6,4.8,3.6
Andorra,11.2,9.4,4.4,2.6,4.8,4.4,0.0,0.0,1.6,2.4,0.0,0.0,1.6,0.2,0.2,1.2,4.0,3.0
Annecy,9.0,8.6,2.8,2.0,4.2,3.2,0.0,0.0,2.4,3.4,0.0,0.4,0.2,0.8,0.8,1.6,4.6,4.2
Eldense,12.4,9.4,4.8,2.4,4.8,3.4,0.0,0.0,1.4,2.2,0.0,0.0,2.2,0.0,0.0,3.6,4.6,3.6
Konyaspor,12.4,11.0,4.2,3.6,4.0,3.6,0.0,0.0,1.8,2.0,0.0,0.2,1.4,0.2,0.6,4.4,3.8,3.0
Arouca,11.6,8.0,4.8,4.2,5.2,3.8,0.0,0.0,2.2,2.2,0.0,0.2,1.6,0.6,0.8,1.6,2.0,4.4
Elversberg,15.2,15.0,5.8,3.8,4.2,5.0,0.0,0.0,2.4,2.8,0.0,0.2,2.0,0.2,0.2,1.8,4.4,2.8
RWD Molenbeek,14.0,13.6,5.6,5.2,5.6,4.2,0.0,0.0,1.4,1.8,0.0,0.2,2.6,2.4,1.8,1.8,4.8,4.0
Chambly,9.4,10.6,2.6,3.8,2.4,3.2,0.0,0.0,2.4,2.6,0.6,0.2,0.2,1.6,0.8,0.4,5.4,3.2
Waasland-Beveren,11.6,8.2,6.0,4.2,7.2,3.0,0.0,0.0,1.4,1.4,0.0,0.0,1.8,0.2,0.8,2.2,6.2,4.2
FC Emmen,16.6,14.6,6.2,4.0,5.8,4.2,0.0,0.0,1.4,1.6,0.0,0.0,1.6,0.8,0.0,5.2,5.2,1.4
Wurzburger Kickers,14.6,11.2,6.0,4.0,6.0,5.6,0.0,0.0,4.0,2.0,0.0,0.2,3.6,0.0,0.0,5.6,4.8,1.8
Pordenone,14.6,14.4,5.8,5.4,3.8,5.0,0.0,0.0,3.0,1.6,0.0,0.2,2.4,0.6,0.8,1.6,3.4,4.8
Monza,13.8,8.4,4.6,3.0,3.6,4.6,0.0,0.0,2.6,2.0,0.0,0.0,1.8,1.2,0.4,0.8,3.4,4.6
Giresunspor,12.4,13.8,4.2,5.6,3.0,4.0,0.0,0.0,1.6,2.4,0.0,0.0,0.8,0.4,0.6,1.0,4.6,4.4
Ibiza,12.4,10.6,5.8,3.6,6.0,5.2,0.0,0.0,2.8,3.0,0.4,0.0,0.6,1.2,0.4,0.8,5.8,3.2
Paderborn,14.6,9.2,4.8,5.4,5.8,3.6,0.0,0.0,2.0,2.4,0.0,0.0,1.2,2.4,0.4,1.2,6.0,3.2
Koblenz,13.4,10.6,8.2,6.2,5.8,3.2,0.0,0.0,2.4,3.0,0.0,0.0,1.8,0.0,0.2,1.4,4.4,3.8
Cordoba,13.4,9.8,4.8,4.4,5.8,3.8,0.0,0.0,2.0,2.6,0.0,0.0,0.8,0.8,1.0,3.4,4.8,2.4
Reus Deportiu,14.4,11.6,4.8,3.0,4.8,6.0,0.0,0.0,1.6,1.8,0.2,0.2,1.8,0.4,0.8,1.8,4.8,4.6
Kortrijk,14.0,8.8,5.8,3.6,6.8,4.0,0.0,0.0,1.4,2.0,0.2,0.2,0.8,0.2,0.2,1.4,6.2,4.4
Clermont,14.4,11.0,4.8,5.4,7.4,2.6,0.0,0.0,1.8,1.4,0.0,0.0,0.2,1.2,0.8,0.2,3.8,3.4
Hatayspor,13.0,10.0,3.2,3.6,5.8,5.4,0.0,0.0,2.8,1.4,0.0,0.0,1.2,0.4,1.0,0.4,3.8,4.6
Scarborough,13.2,7.2,6.4,4.2,9.0,4.6,0.0,0.0,0.6,1.4,0.0,0.0,0.6,1.4,0.6,0.4,5.0,5.6
Nacional,13.8,13.4,4.4,3.6,6.2,6.0,0.0,0.0,2.4,2.2,0.0,0.2,0.8,0.2,0.2,2.8,5.4,3.2
Boavista,10.8,10.6,3.8,2.8,3.8,5.4,0.0,0.0,2.0,1.6,0.0,0.0,1.4,0.2,0.8,1.8,4.6,5.2
Erzurum BB,14.6,10.6,6.0,4.0,5.4,5.8,0.0,0.0,3.2,3.0,0.2,0.8,4.6,0.4,0.4,1.6,4.6,5.4
Logrones,13.0,8.4,4.4,3.8,5.6,2.8,0.0,0.0,2.0,2.2,0.2,0.2,0.4,1.2,0.8,0.4,5.4,5.2
Cartagena,10.6,10.2,3.8,2.2,4.2,3.8,0.0,0.0,1.6,2.4,0.2,0.0,0.2,1.2,0.8,0.4,4.6,4.0
Novara,12.4,12.2,5.0,4.6,5.8,6.4,0.0,0.0,2.4,1.4,0.0,0.2,1.8,1.4,0.8,4.4,5.0,3.0
Tours,10.6,8.6,7.0,5.2,4.6,3.8,0.0,0.0,2.0,2.2,0.0,0.2,0.6,2.2,0.6,5.4,7.2,2.6
Orleans,12.0,12.2,5.6,5.6,5.6,5.0,0.0,0.0,2.0,2.4,0.0,0.4,1.0,1.2,1.0,1.0,4.4,4.6
Bourg Peronnas,10.0,7.0,5.2,2.8,5.2,5.2,0.0,0.0,2.4,2.0,0.0,0.2,1.8,0.2,0.0,1.8,4.2,3.6
Bursaspor,8.2,6.8,3.6,2.0,4.4,5.4,0.0,0.0,2.2,2.0,0.0,0.2,2.2,0.0,0.0,5.8,3.4,2.4
Quevilly Rouen,11.2,10.0,4.4,3.8,5.8,5.0,0.0,0.0,1.2,1.8,0.0,0.2,1.0,1.2,0.4,0.6,5.2,4.6
Rayo Majadahonda,13.8,10.8,3.4,4.0,3.8,3.6,0.0,0.0,2.6,3.0,0.0,0.0,1.0,0.6,0.4,2.2,5.2,3.0
Samsunspor,12.2,7.6,3.6,2.2,4.8,4.4,0.0,0.0,1.4,1.8,0.0,0.0,2.0,0.6,0.2,9.6,5.0,1.2
Almere City,17.0,10.8,7.2,3.4,5.2,4.2,0.0,0.0,1.4,2.0,0.2,0.0,3.0,1.8,0.2,3.6,4.4,2.2
Magdeburg,11.8,12.0,3.0,4.8,3.0,5.0,0.0,0.0,1.4,2.4,0.2,0.0,0.8,1.0,0.6,1.0,3.4,3.6
Unterhaching,16.2,15.4,8.6,9.6,6.0,5.8,0.0,0.0,2.0,3.0,0.0,0.0,1.8,0.2,0.0,4.0,5.6,2.6
Roda,14.0,16.6,4.0,5.8,5.0,7.0,0.0,0.0,0.6,1.4,0.0,0.2,2.8,0.8,0.6,2.0,5.0,2.2
Cowdenbeath,7.8,7.8,3.2,3.6,4.2,5.0,0.0,0.0,1.6,2.2,0.0,0.0,0.6,0.8,1.0,2.6,5.8,3.0
Vicenza,16.0,11.0,5.4,4.2,6.8,3.6,0.0,0.0,2.8,3.4,0.0,0.4,0.6,1.0,1.2,1.4,5.2,4.4
Laval,14.8,10.6,4.6,4.4,5.4,4.6,0.0,0.0,1.6,2.0,0.2,0.2,0.4,0.8,0.8,1.0,5.0,4.0
Estoril,12.4,12.2,5.2,4.4,6.6,4.8,0.0,0.0,4.4,3.2,0.2,0.2,5.2,0.0,0.0,6.2,2.4,2.0
Spartans,6.0,8.0,2.8,3.2,3.2,5.8,0.0,0.0,1.0,1.0,0.0,0.2,3.6,0.2,1.6,1.0,2.2,4.6
Ferrol,14.4,9.4,3.8,4.0,3.4,4.2,0.0,0.0,1.2,4.0,0.0,0.0,0.6,0.8,0.8,0.8,4.2,4.8
Bath City,9.0,7.4,4.8,3.8,4.0,6.0,0.0,0.0,0.4,0.8,0.0,0.2,1.6,0.6,1.0,2.0,3.8,4.6
Arles,14.8,9.4,4.4,3.4,6.6,2.8,0.0,0.0,1.4,1.8,0.0,0.2,0.8,3.0,2.0,1.8,6.0,5.4
Sociedad B,11.0,9.6,3.0,3.2,5.8,3.4,0.0,0.0,1.8,2.2,0.0,0.0,1.6,1.4,0.6,0.8,5.0,5.4
Altay,12.2,9.2,3.2,2.8,6.6,3.6,0.0,0.0,2.2,1.8,0.0,0.0,0.6,0.6,2.0,0.6,6.0,5.4
Umraniyespor,16.2,10.4,6.6,3.6,6.6,3.6,0.0,0.0,1.6,2.4,0.0,0.0,3.0,0.8,0.2,1.8,5.0,3.2
Boulogne,14.8,8.6,3.8,2.4,4.4,3.0,0.0,0.0,1.0,1.4,0.0,0.4,0.4,0.8,0.6,2.2,6.2,4.2
Castellon,13.4,7.4,3.8,2.8,6.2,2.8,0.0,0.0,0.6,1.8,0.2,0.0,0.4,0.8,0.4,3.0,6.0,3.0
Pacos Ferreira,14.4,10.2,4.8,3.4,8.0,4.4,0.0,0.0,3.0,3.0,0.2,0.2,4.0,0.6,0.4,3.0,0.6,2.8
Barcelona B,9.8,13.0,2.6,6.2,3.8,6.0,0.0,0.0,2.6,2.2,0.0,0.0,1.4,0.4,0.6,0.6,5.4,4.8
Wehen,18.6,9.6,4.4,4.4,6.8,5.0,0.0,0.0,1.2,2.0,0.0,0.2,0.4,1.0,0.6,1.0,5.8,2.8
Panserraikos,10.4,10.2,4.6,2.8,3.4,3.8,0.0,0.0,3.0,3.8,0.4,0.4,1.2,0.2,0.4,3.6,4.4,2.6
Casa Pia,12.4,11.0,3.0,4.2,6.0,2.8,0.0,0.0,2.2,3.2,0.0,0.2,1.0,0.6,1.2,1.2,3.2,4.4
Concarneau,11.4,13.2,4.8,5.2,6.0,4.4,0.0,0.0,1.4,1.4,0.2,0.2,0.4,1.2,1.0,2.4,7.2,4.0
Pendikspor,10.4,12.0,2.8,4.4,4.2,4.6,0.0,0.0,1.6,2.0,0.2,0.2,3.0,1.0,0.4,1.8,2.8,3.6
Guiseley,12.6,11.4,5.0,5.2,5.4,2.4,0.0,0.0,1.2,1.2,0.0,0.0,0.8,0.6,0.2,2.4,4.6,2.8
Beziers,11.0,9.2,4.8,3.2,1.2,3.6,0.0,0.0,2.0,2.6,0.2,0.2,0.8,1.8,0.8,1.6,5.4,4.2
Berwick,8.4,13.2,3.4,6.4,3.6,6.4,0.0,0.0,1.6,1.4,0.0,0.0,0.6,1.6,2.4,0.2,6.0,5.6
Karabukspor,13.2,5.6,7.8,2.4,8.0,1.4,0.0,0.0,2.2,1.6,0.0,0.0,5.6,0.8,0.2,10.8,4.6,1.4
Sedan,12.8,8.2,6.2,3.8,4.8,3.0,0.0,0.0,1.6,2.4,0.0,0.2,1.4,0.4,0.4,2.0,5.2,4.6
Farense,12.6,13.4,6.6,4.4,7.6,6.2,0.0,0.0,3.8,2.4,0.2,0.4,2.2,1.4,0.6,2.6,5.4,4.6
Aachen,18.6,13.0,10.8,6.4,5.6,4.0,0.0,0.0,1.2,1.8,0.0,0.0,1.4,0.8,0.2,1.6,6.0,3.4
Leonesa,10.6,8.6,3.2,2.4,6.0,3.8,0.0,0.0,3.4,3.8,0.6,0.6,3.0,0.2,0.6,4.2,2.0,3.2
NAC Breda,19.4,11.2,6.6,3.4,8.2,5.0,0.0,0.0,2.8,3.2,0.2,0.0,2.6,1.0,2.2,0.6,4.6,4.0
Platanias,14.0,6.2,6.2,3.6,5.6,4.6,0.0,0.0,2.6,3.4,0.0,0.2,1.4,1.0,0.6,1.8,5.8,2.4
St. Albans,8.8,5.6,3.6,2.4,5.8,3.6,0.0,0.0,0.4,1.0,0.0,0.0,1.4,0.2,0.2,2.2,5.2,4.0
CZ Jena,13.8,10.4,8.2,7.2,6.2,3.6,0.0,0.0,1.8,2.2,0.0,0.0,1.6,0.2,0.2,1.8,4.2,4.2
Gretna,10.8,7.6,5.0,2.8,5.0,4.0,0.0,0.0,1.0,1.2,0.0,0.0,3.2,0.2,0.2,2.4,4.2,3.6
Murcia,10.2,11.2,3.4,5.2,4.6,5.6,0.0,0.0,1.8,2.2,1.0,0.0,0.4,1.0,1.0,3.8,5.6,2.2
Boreham Wood,7.8,8.0,3.6,3.6,4.2,6.4,0.0,0.0,1.8,0.8,0.0,0.0,0.8,0.8,1.2,0.6,4.6,6.2
Red Star,11.4,10.0,5.2,4.6,3.2,4.2,0.0,0.0,2.0,1.2,0.2,0.2,0.8,3.0,0.8,2.6,7.2,3.0
Estrela,10.6,15.0,4.2,4.8,5.0,4.8,0.0,0.0,2.0,1.8,0.4,0.2,0.2,2.8,3.2,0.2,7.0,5.2
Hercules,9.8,17.4,4.4,7.0,5.6,5.8,0.0,0.0,1.4,2.8,0.6,0.0,0.6,0.8,3.2,1.2,4.2,6.2
Burghausen,15.4,15.8,10.2,9.4,4.8,5.4,0.0,0.0,2.0,2.0,0.0,0.2,0.8,2.2,0.4,5.6,7.2,2.0
